DO_Number,Last_4,Status,Date_Issued,Warehouse_Name,Remarks,Created_By,Last_Modified
SP-26-13721,3721,Return,17/06/2026,Sharjah,[Full] Return (0813),,2026-06-29 05:10:53
SP-26-13722,3722,Return,17/06/2026,Sharjah,,,2026-06-29 05:10:53
SP-26-13803,3803,Dispatched,17/06/2026,Sharjah,,,2026-06-29 05:10:53
SP-26-13783,3783,Dispatched,17/06/2026,Al Quoz,,,2026-06-29 05:10:53
SP-26-13784,3784,Dispatched,17/06/2026,Al Quoz,,,2026-06-29 05:10:53
SP-26-13712,3712,Dispatched,17/06/2026,Abu Dhabi,,,2026-06-29 05:10:53
SP-26-13718,3718,Dispatched,17/06/2026,Abu Dhabi,,,2026-06-29 05:10:53
SP-26-13724,3724,Dispatched,17/06/2026,Abu Dhabi,,,2026-06-29 05:10:53
SP-26-13725,3725,Dispatched,17/06/2026,Abu Dhabi,,,2026-06-29 05:10:53
SP-26-13727,3727,Dispatched,17/06/2026,Abu Dhabi,,,2026-06-29 05:10:53
SP-26-13730,3730,Dispatched,17/06/2026,Abu Dhabi,,,2026-06-29 05:10:53
SP-26-13736,3736,Dispatched,17/06/2026,Abu Dhabi,,,2026-06-29 05:10:53
SP-26-13741,3741,Dispatched,17/06/2026,Abu Dhabi,,,2026-06-29 05:10:53
SP-26-13757,3757,Dispatched,17/06/2026,Abu Dhabi,,,2026-06-29 05:10:53
SP-26-13776,3776,Dispatched,17/06/2026,Abu Dhabi,,,2026-06-29 05:10:53
SP-26-13797,3797,Dispatched,17/06/2026,Abu Dhabi,,,2026-06-29 05:10:53
SP-26-13835,3835,Dispatched,18/06/2026,Sharjah,,,2026-06-29 05:10:53
SP-26-13824,3824,Dispatched,18/06/2026,Al Quoz,,,2026-06-29 05:10:53
SP-26-13815,3815,Dispatched,18/06/2026,Abu Dhabi,,,2026-06-29 05:10:53
SP-26-13828,3828,Dispatched,18/06/2026,Abu Dhabi,,,2026-06-29 05:10:53
SP-26-13830,3830,Dispatched,18/06/2026,Abu Dhabi,,,2026-06-29 05:10:53
SP-26-13844,3844,Dispatched,18/06/2026,Abu Dhabi,,,2026-06-29 05:10:53
SP-26-13845,3845,Dispatched,18/06/2026,Abu Dhabi,,,2026-06-29 05:10:53
SP-26-13846,3846,Dispatched,18/06/2026,Abu Dhabi,,,2026-06-29 05:10:53
SP-26-13847,3847,Dispatched,18/06/2026,Abu Dhabi,,,2026-06-29 05:10:53
SP-26-13849,3849,Dispatched,18/06/2026,Abu Dhabi,,,2026-06-29 05:10:53
SP-26-13861,3861,Dispatched,18/06/2026,Abu Dhabi,,,2026-06-29 05:10:53
SP-26-13882,3882,Dispatched,18/06/2026,Abu Dhabi,,,2026-06-29 05:10:53
SP-26-13892,3892,Dispatched,18/06/2026,Abu Dhabi,,,2026-06-29 05:10:53
SP-26-13896,3896,Dispatched,18/06/2026,Abu Dhabi,,,2026-06-29 05:10:53
SP-26-13901,3901,Dispatched,18/06/2026,Abu Dhabi,,,2026-06-29 05:10:53
SP-26-13909,3909,Dispatched,18/06/2026,Abu Dhabi,,,2026-06-29 05:10:53
SP-26-13911,3911,Dispatched,18/06/2026,Abu Dhabi,,,2026-06-29 05:10:53
SP-26-13708,3708,Dispatched,17/06/2026,DIP,,,2026-06-29 05:10:53
SP-26-13717,3717,Dispatched,17/06/2026,DIP,,,2026-06-29 05:10:53
SP-26-13720,3720,Dispatched,17/06/2026,DIP,,,2026-06-29 05:10:53
SP-26-13726,3726,Dispatched,17/06/2026,DIP,,,2026-06-29 05:10:53
SP-26-13732,3732,Dispatched,17/06/2026,DIP,,,2026-06-29 05:10:53
SP-26-13739,3739,Dispatched,17/06/2026,DIP,,,2026-06-29 05:10:53
SP-26-13745,3745,Dispatched,17/06/2026,DIP,,,2026-06-29 05:10:53
SP-26-13755,3755,Dispatched,17/06/2026,DIP,,,2026-06-29 05:10:53
SP-26-13759,3759,Dispatched,17/06/2026,DIP,,,2026-06-29 05:10:53
SP-26-13760,3760,Dispatched,17/06/2026,DIP,,,2026-06-29 05:10:53
SP-26-13786,3786,Dispatched,17/06/2026,DIP,,Rajendran,2026-06-29 05:10:53
SP-26-13702,3702,Dispatched,17/06/2026,Sharjah,,jay,2026-06-29 05:10:53
SP-26-13703,3703,Dispatched,17/06/2026,Sharjah,,Melvin,2026-06-29 05:10:53
SP-26-13704,3704,Dispatched,17/06/2026,Sharjah,,Melvin,2026-06-29 05:10:53
SP-26-13709,3709,Dispatched,17/06/2026,Sharjah,,Melvin,2026-06-29 05:10:53
SP-26-13710,3710,Dispatched,17/06/2026,Sharjah,,Melvin,2026-06-29 05:10:53
SP-26-13713,3713,Dispatched,17/06/2026,Sharjah,,Melvin,2026-06-29 05:10:53
SP-26-13715,3715,Dispatched,17/06/2026,Sharjah,,Melvin,2026-06-29 05:10:53
SP-26-13719,3719,Dispatched,17/06/2026,Sharjah,,Melvin,2026-06-29 05:10:53
SP-26-13728,3728,Dispatched,17/06/2026,Sharjah,,Melvin,2026-06-29 05:10:53
SP-26-13729,3729,Dispatched,17/06/2026,Sharjah,,Melvin,2026-06-29 05:10:53
SP-26-13734,3734,Dispatched,17/06/2026,Sharjah,,Melvin,2026-06-29 05:10:53
SP-26-13735,3735,Dispatched,17/06/2026,Sharjah,,Melvin,2026-06-29 05:10:53
SP-26-13744,3744,Dispatched,17/06/2026,Sharjah,,Melvin,2026-06-29 05:10:53
SP-26-13747,3747,Dispatched,17/06/2026,Sharjah,,Melvin,2026-06-29 05:10:53
SP-26-13748,3748,Dispatched,17/06/2026,Sharjah,,Melvin,2026-06-29 05:10:53
SP-26-13749,3749,Dispatched,17/06/2026,Sharjah,,Melvin,2026-06-29 05:10:53
SP-26-13751,3751,Dispatched,17/06/2026,Sharjah,,Melvin,2026-06-29 05:10:53
SP-26-13756,3756,Dispatched,17/06/2026,Sharjah,,Melvin,2026-06-29 05:10:53
SP-26-13764,3764,Dispatched,17/06/2026,Sharjah,,Melvin,2026-06-29 05:10:53
SP-26-13766,3766,Dispatched,17/06/2026,Sharjah,,Melvin,2026-06-29 05:10:53
SP-26-13767,3767,Dispatched,17/06/2026,Sharjah,,Melvin,2026-06-29 05:10:53
SP-26-13772,3772,Dispatched,17/06/2026,Sharjah,,Melvin,2026-06-29 05:10:53
SP-26-13773,3773,Return,17/06/2026,Sharjah,[Full] Return (0816),Melvin,2026-06-29 05:10:53
SP-26-13774,3774,Dispatched,17/06/2026,Sharjah,,Melvin,2026-06-29 05:10:53
SP-26-13775,3775,Dispatched,17/06/2026,Sharjah,,Melvin,2026-06-29 05:10:53
SP-26-13778,3778,Dispatched,17/06/2026,Sharjah,,Melvin,2026-06-29 05:10:53
SP-26-13780,3780,Dispatched,17/06/2026,Sharjah,,Melvin,2026-06-29 05:10:53
SP-26-13781,3781,Dispatched,17/06/2026,Sharjah,,Melvin,2026-06-29 05:10:53
SP-26-13789,3789,Dispatched,17/06/2026,Sharjah,,kalpesh,2026-06-29 05:10:53
SP-26-13793,3793,Dispatched,17/06/2026,Sharjah,,Melvin,2026-06-29 05:10:53
SP-26-13796,3796,Dispatched,17/06/2026,Sharjah,,Melvin,2026-06-29 05:10:53
SP-26-13798,3798,Dispatched,17/06/2026,Sharjah,,Melvin,2026-06-29 05:10:53
SP-26-13801,3801,Dispatched,17/06/2026,Sharjah,,Melvin,2026-06-29 05:10:53
SP-26-13802,3802,Dispatched,17/06/2026,Sharjah,,Melvin,2026-06-29 05:10:53
SP-26-13698,3698,Dispatched,17/06/2026,Al Quoz,,Melvin,2026-06-29 05:10:53
SP-26-13699,3699,Dispatched,17/06/2026,Al Quoz,,jay,2026-06-29 05:10:53
SP-26-13700,3700,Dispatched,17/06/2026,Al Quoz,,jay,2026-06-29 05:10:53
SP-26-13701,3701,Dispatched,17/06/2026,Al Quoz,,jay,2026-06-29 05:10:53
SP-26-13705,3705,Dispatched,17/06/2026,Al Quoz,,jay,2026-06-29 05:10:53
SP-26-13706,3706,Dispatched,17/06/2026,Al Quoz,,jay,2026-06-29 05:10:53
SP-26-13707,3707,Dispatched,17/06/2026,Al Quoz,,jay,2026-06-29 05:10:53
SP-26-13711,3711,Dispatched,17/06/2026,Al Quoz,,jay,2026-06-29 05:10:53
SP-26-13714,3714,Dispatched,17/06/2026,Al Quoz,,jay,2026-06-29 05:10:53
SP-26-13716,3716,Dispatched,17/06/2026,Al Quoz,,jay,2026-06-29 05:10:53
SP-26-13723,3723,Dispatched,17/06/2026,Al Quoz,,jay,2026-06-29 05:10:53
SP-26-13731,3731,Dispatched,17/06/2026,Al Quoz,,jay,2026-06-29 05:10:53
SP-26-13733,3733,Dispatched,17/06/2026,Al Quoz,,jay,2026-06-29 05:10:53
SP-26-13737,3737,Dispatched,17/06/2026,Al Quoz,,jay,2026-06-29 05:10:53
SP-26-13740,3740,Dispatched,17/06/2026,Al Quoz,,jay,2026-06-29 05:10:53
SP-26-13742,3742,Dispatched,17/06/2026,Al Quoz,,jay,2026-06-29 05:10:53
SP-26-13743,3743,Dispatched,17/06/2026,Al Quoz,,jay,2026-06-29 05:10:53
SP-26-13746,3746,Dispatched,17/06/2026,Al Quoz,,Melvin,2026-06-29 05:10:53
SP-26-13750,3750,Dispatched,17/06/2026,Al Quoz,,jay,2026-06-29 05:10:53
SP-26-13752,3752,Dispatched,17/06/2026,Al Quoz,,jay,2026-06-29 05:10:53
SP-26-13753,3753,Dispatched,17/06/2026,Al Quoz,,jay,2026-06-29 05:10:53
SP-26-13754,3754,Dispatched,17/06/2026,Al Quoz,,jay,2026-06-29 05:10:53
SP-26-13762,3762,Dispatched,17/06/2026,Al Quoz,,jay,2026-06-29 05:10:53
SP-26-13765,3765,Dispatched,17/06/2026,Al Quoz,,jay,2026-06-29 05:10:53
SP-26-13768,3768,Return,17/06/2026,Al Quoz,[Full] Return (0812),jay,2026-06-29 05:10:53
SP-26-13769,3769,Return,17/06/2026,Al Quoz,[Full] Return (0818),Shaman,2026-06-29 05:10:53
SP-26-13770,3770,Dispatched,17/06/2026,Al Quoz,,Shaman,2026-06-29 05:10:53
SP-26-13771,3771,Dispatched,17/06/2026,Al Quoz,,Melvin,2026-06-29 05:10:53
SP-26-13777,3777,Dispatched,17/06/2026,Al Quoz,,jay,2026-06-29 05:10:53
SP-26-13779,3779,Dispatched,17/06/2026,Al Quoz,,jay,2026-06-29 05:10:53
SP-26-13782,3782,Dispatched,17/06/2026,Al Quoz,,jay,2026-06-29 05:10:53
SP-26-13785,3785,Dispatched,17/06/2026,Al Quoz,,jay,2026-06-29 05:10:53
SP-26-13787,3787,Dispatched,17/06/2026,Al Quoz,,jay,2026-06-29 05:10:53
SP-26-13788,3788,Dispatched,17/06/2026,Al Quoz,,jay,2026-06-29 05:10:53
SP-26-13790,3790,Dispatched,17/06/2026,Al Quoz,,jay,2026-06-29 05:10:53
SP-26-13799,3799,Dispatched,17/06/2026,Al Quoz,,jay,2026-06-29 05:10:53
SP-26-13800,3800,Dispatched,17/06/2026,Al Quoz,,jay,2026-06-29 05:10:53
SP-26-13804,3804,Dispatched,17/06/2026,Al Quoz,,jay,2026-06-29 05:10:53
SP-26-13814,3814,Dispatched,18/06/2026,DIP,,Rajendran,2026-06-29 05:10:53
SP-26-13820,3820,Dispatched,18/06/2026,DIP,,Rajendran,2026-06-29 05:10:53
SP-26-13833,3833,Dispatched,18/06/2026,DIP,,Rajendran,2026-06-29 05:10:53
SP-26-13837,3837,Dispatched,18/06/2026,DIP,,Rajendran,2026-06-29 05:10:53
SP-26-13859,3859,Dispatched,18/06/2026,DIP,,Rajendran,2026-06-29 05:10:53
SP-26-13875,3875,Dispatched,18/06/2026,DIP,,Rajendran,2026-06-29 05:10:53
SP-26-13876,3876,Dispatched,18/06/2026,DIP,,Rajendran,2026-06-29 05:10:53
SP-26-13878,3878,Dispatched,18/06/2026,DIP,,Rajendran,2026-06-29 05:10:53
SP-26-13879,3879,Dispatched,18/06/2026,DIP,,Rajendran,2026-06-29 05:10:53
SP-26-13881,3881,Dispatched,18/06/2026,DIP,,Rajendran,2026-06-29 05:10:53
SP-26-13883,3883,Dispatched,18/06/2026,DIP,,Rajendran,2026-06-29 05:10:53
SP-26-13887,3887,Dispatched,18/06/2026,DIP,,Rajendran,2026-06-29 05:10:53
SP-26-13891,3891,Dispatched,18/06/2026,DIP,,Rajendran,2026-06-29 05:10:53
SP-26-13900,3900,Dispatched,18/06/2026,DIP,,Rajendran,2026-06-29 05:10:53
SP-26-13908,3908,Dispatched,18/06/2026,DIP,,Rajendran,2026-06-29 05:10:53
SP-26-13810,3810,Dispatched,18/06/2026,Sharjah,,Melvin,2026-06-29 05:10:53
SP-26-13816,3816,Dispatched,18/06/2026,Sharjah,,Melvin,2026-06-29 05:10:53
SP-26-13817,3817,Dispatched,18/06/2026,Sharjah,,Melvin,2026-06-29 05:10:53
SP-26-13818,3818,Dispatched,18/06/2026,Sharjah,,Melvin,2026-06-29 05:10:53
SP-26-13822,3822,Dispatched,18/06/2026,Sharjah,,Melvin,2026-06-29 05:10:53
SP-26-13823,3823,Dispatched,18/06/2026,Sharjah,,kalpesh,2026-06-29 05:10:53
SP-26-13831,3831,Dispatched,18/06/2026,Sharjah,,Melvin,2026-06-29 05:10:53
SP-26-13832,3832,Return,18/06/2026,Sharjah,[Full] Return (0817),Melvin,2026-06-29 05:10:53
SP-26-13838,3838,Dispatched,18/06/2026,Sharjah,,Melvin,2026-06-29 05:10:53
SP-26-13840,3840,Dispatched,18/06/2026,Sharjah,,Melvin,2026-06-29 05:10:53
SP-26-13841,3841,Dispatched,18/06/2026,Sharjah,,Melvin,2026-06-29 05:10:53
SP-26-13848,3848,Dispatched,18/06/2026,Sharjah,,Melvin,2026-06-29 05:10:53
SP-26-13851,3851,Dispatched,18/06/2026,Sharjah,,Melvin,2026-06-29 05:10:53
SP-26-13857,3857,Dispatched,18/06/2026,Sharjah,,Melvin,2026-06-29 05:10:53
SP-26-13860,3860,Dispatched,18/06/2026,Sharjah,,Melvin,2026-06-29 05:10:53
SP-26-13864,3864,Dispatched,18/06/2026,Sharjah,,Melvin,2026-06-29 05:10:53
SP-26-13865,3865,Dispatched,18/06/2026,Sharjah,,Melvin,2026-06-29 05:10:53
SP-26-13871,3871,Dispatched,18/06/2026,Sharjah,,Melvin,2026-06-29 05:10:53
SP-26-13872,3872,Dispatched,18/06/2026,Sharjah,,Melvin,2026-06-29 05:10:53
SP-26-13873,3873,Dispatched,18/06/2026,Sharjah,,Melvin,2026-06-29 05:10:53
SP-26-13874,3874,Return,18/06/2026,Sharjah,[Full] Return (0815),kalpesh,2026-06-29 05:10:53
SP-26-13880,3880,Dispatched,18/06/2026,Sharjah,,Melvin,2026-06-29 05:10:53
SP-26-13884,3884,Dispatched,18/06/2026,Sharjah,,Melvin,2026-06-29 05:10:53
SP-26-13888,3888,Dispatched,18/06/2026,Sharjah,,kalpesh,2026-06-29 05:10:53
SP-26-13894,3894,Dispatched,18/06/2026,Sharjah,,Melvin,2026-06-29 05:10:53
SP-26-13895,3895,Dispatched,18/06/2026,Sharjah,,Melvin,2026-06-29 05:10:53
SP-26-13897,3897,Dispatched,18/06/2026,Sharjah,,Melvin,2026-06-29 05:10:53
SP-26-13898,3898,Dispatched,18/06/2026,Sharjah,,Melvin,2026-06-29 05:10:53
SP-26-13899,3899,Dispatched,18/06/2026,Sharjah,,Melvin,2026-06-29 05:10:53
SP-26-13903,3903,Dispatched,18/06/2026,Sharjah,,Melvin,2026-06-29 05:10:53
SP-26-13905,3905,Dispatched,18/06/2026,Sharjah,,Melvin,2026-06-29 05:10:53
SP-26-13808,3808,Dispatched,18/06/2026,Al Quoz,,jay,2026-06-29 05:10:53
SP-26-13809,3809,Dispatched,18/06/2026,Al Quoz,,jay,2026-06-29 05:10:53
SP-26-13811,3811,Dispatched,18/06/2026,Al Quoz,,jay,2026-06-29 05:10:53
SP-26-13812,3812,Dispatched,18/06/2026,Al Quoz,,jay,2026-06-29 05:10:53
SP-26-13813,3813,Dispatched,18/06/2026,Al Quoz,,jay,2026-06-29 05:10:53
SP-26-13819,3819,Dispatched,18/06/2026,Al Quoz,,jay,2026-06-29 05:10:53
SP-26-13821,3821,Dispatched,18/06/2026,Al Quoz,,jay,2026-06-29 05:10:53
SP-26-13825,3825,Dispatched,18/06/2026,Al Quoz,,Anand,2026-06-29 05:10:53
SP-26-13826,3826,Dispatched,18/06/2026,Al Quoz,,Anand,2026-06-29 05:10:53
SP-26-13827,3827,Dispatched,18/06/2026,Al Quoz,,jay,2026-06-29 05:10:53
SP-26-13829,3829,Dispatched,18/06/2026,Al Quoz,,jay,2026-06-29 05:10:53
SP-26-13834,3834,Dispatched,18/06/2026,Al Quoz,,Anand,2026-06-29 05:10:53
SP-26-13836,3836,Dispatched,18/06/2026,Al Quoz,,Anand,2026-06-29 05:10:53
SP-26-13839,3839,Dispatched,18/06/2026,Al Quoz,,Anand,2026-06-29 05:10:53
SP-26-13842,3842,Dispatched,18/06/2026,Al Quoz,,Melvin,2026-06-29 05:10:53
SP-26-13843,3843,Dispatched,18/06/2026,Al Quoz,,jay,2026-06-29 05:10:53
SP-26-13855,3855,Return,18/06/2026,Al Quoz,[Partial] Cust. Replace With Other Item [819] (2pcs blue 2.8 324 HST),Melvin,2026-06-29 05:10:53
SP-26-13856,3856,Dispatched,18/06/2026,Al Quoz,,jay,2026-06-29 05:10:53
SP-26-13858,3858,Dispatched,18/06/2026,Al Quoz,,jay,2026-06-29 05:10:53
SP-26-13862,3862,Dispatched,18/06/2026,Al Quoz,,Anand,2026-06-29 05:10:53
SP-26-13863,3863,Dispatched,18/06/2026,Al Quoz,,jay,2026-06-29 05:10:53
SP-26-13866,3866,Dispatched,18/06/2026,Al Quoz,,Anand,2026-06-29 05:10:53
SP-26-13867,3867,Dispatched,18/06/2026,Al Quoz,,Anand,2026-06-29 05:10:53
SP-26-13868,3868,Dispatched,18/06/2026,Al Quoz,,jay,2026-06-29 05:10:53
SP-26-13869,3869,Dispatched,18/06/2026,Al Quoz,,jay,2026-06-29 05:10:53
SP-26-13870,3870,Dispatched,18/06/2026,Al Quoz,,jay,2026-06-29 05:10:53
SP-26-13877,3877,Dispatched,18/06/2026,Al Quoz,,Anand,2026-06-29 05:10:53
SP-26-13885,3885,Dispatched,18/06/2026,Al Quoz,,Anand,2026-06-29 05:10:53
SP-26-13886,3886,Dispatched,18/06/2026,Al Quoz,,Anand,2026-06-29 05:10:53
SP-26-13889,3889,Dispatched,18/06/2026,Al Quoz,,Anand,2026-06-29 05:10:53
SP-26-13890,3890,Dispatched,18/06/2026,Al Quoz,,Anand,2026-06-29 05:10:53
SP-26-13902,3902,Dispatched,18/06/2026,Al Quoz,,jay,2026-06-29 05:10:53
SP-26-13904,3904,Dispatched,18/06/2026,Al Quoz,,Anand,2026-06-29 05:10:53
SP-26-13906,3906,Dispatched,18/06/2026,Al Quoz,,jay,2026-06-29 05:10:53
SP-26-13907,3907,Return,18/06/2026,Al Quoz,,jay,2026-06-29 05:10:53
SP-26-13910,3910,Dispatched,18/06/2026,Al Quoz,,jay,2026-06-29 05:10:53
SP-26-13918,3918,Dispatched,19/06/2026,DIP,,Rajendran,2026-06-29 05:10:53
SP-26-13936,3936,Dispatched,19/06/2026,DIP,,Rajendran,2026-06-29 05:10:53
SP-26-13937,3937,Dispatched,19/06/2026,DIP,,Rajendran,2026-06-29 05:10:53
SP-26-13949,3949,Dispatched,19/06/2026,DIP,,Rajendran,2026-06-29 05:10:53
SP-26-13954,3954,Dispatched,19/06/2026,DIP,,Rajendran,2026-06-29 05:10:53
SP-26-13966,3966,Dispatched,19/06/2026,DIP,,Rajendran,2026-06-29 05:10:53
SP-26-13977,3977,Dispatched,19/06/2026,DIP,,Rajendran,2026-06-29 05:10:53
SP-26-14004,4004,Dispatched,19/06/2026,DIP,,Rajendran,2026-06-29 05:10:53
SP-26-14015,4015,Dispatched,19/06/2026,DIP,,Rajendran,2026-06-29 05:10:53
SP-26-14017,4017,Dispatched,19/06/2026,DIP,,Rajendran,2026-06-29 05:10:53
SP-26-13915,3915,Dispatched,19/06/2026,Al Quoz,,jay,2026-06-29 05:10:53
SP-26-13916,3916,Return,19/06/2026,Al Quoz,[Partial] Cust. Replace With Other Item (1 pc silver mirror 2mm AN) [0824],Rajendran,2026-06-29 05:10:53
SP-26-13917,3917,Dispatched,19/06/2026,Al Quoz,,jay,2026-06-29 05:10:53
SP-26-13919,3919,Dispatched,19/06/2026,Al Quoz,,Rajendran,2026-06-29 05:10:53
SP-26-13924,3924,Dispatched,19/06/2026,Al Quoz,,jay,2026-06-29 05:10:53
SP-26-13928,3928,Dispatched,19/06/2026,Al Quoz,,Anand,2026-06-29 05:10:53
SP-26-13929,3929,Dispatched,19/06/2026,Al Quoz,,jay,2026-06-29 05:10:53
SP-26-13933,3933,Dispatched,19/06/2026,Al Quoz,,jay,2026-06-29 05:10:53
SP-26-13938,3938,Dispatched,19/06/2026,Al Quoz,,Anand,2026-06-29 05:10:53
SP-26-13942,3942,Dispatched,19/06/2026,Al Quoz,,Anand,2026-06-29 05:10:53
SP-26-13943,3943,Dispatched,19/06/2026,Al Quoz,,Anand,2026-06-29 05:10:53
SP-26-13947,3947,Dispatched,19/06/2026,Al Quoz,,jay,2026-06-29 05:10:53
SP-26-13956,3956,Dispatched,19/06/2026,Al Quoz,,Rajendran,2026-06-29 05:10:53
SP-26-13957,3957,Dispatched,19/06/2026,Al Quoz,,jay,2026-06-29 05:10:53
SP-26-13961,3961,Dispatched,19/06/2026,Al Quoz,,jay,2026-06-29 05:10:53
SP-26-13962,3962,Dispatched,19/06/2026,Al Quoz,,Anand,2026-06-29 05:10:53
SP-26-13963,3963,Dispatched,19/06/2026,Al Quoz,,jay,2026-06-29 05:10:53
SP-26-13964,3964,Dispatched,19/06/2026,Al Quoz,,Rajendran,2026-06-29 05:10:53
SP-26-13973,3973,Dispatched,19/06/2026,Al Quoz,,jay,2026-06-29 05:10:53
SP-26-13974,3974,Dispatched,19/06/2026,Al Quoz,,jay,2026-06-29 05:10:53
SP-26-13975,3975,Dispatched,19/06/2026,Al Quoz,,jay,2026-06-29 05:10:53
SP-26-13983,3983,Dispatched,19/06/2026,Al Quoz,,jay,2026-06-29 05:10:53
SP-26-13984,3984,Dispatched,19/06/2026,Al Quoz,,Anand,2026-06-29 05:10:53
SP-26-13993,3993,Dispatched,19/06/2026,Al Quoz,,Anand,2026-06-29 05:10:53
SP-26-13994,3994,Dispatched,19/06/2026,Al Quoz,,Anand,2026-06-29 05:10:53
SP-26-13995,3995,Dispatched,19/06/2026,Al Quoz,,Anand,2026-06-29 05:10:53
SP-26-13996,3996,Return,19/06/2026,Al Quoz,[Full] Cust. Replace With Other Item (0829),Anand,2026-06-29 05:10:53
SP-26-14002,4002,Dispatched,19/06/2026,Al Quoz,,Anand,2026-06-29 05:10:53
SP-26-14005,4005,Dispatched,19/06/2026,Al Quoz,,Anand,2026-06-29 05:10:53
SP-26-14006,4006,Return,19/06/2026,Al Quoz,[Full] Cust. Replace With Other Item (0828),Anand,2026-06-29 05:10:53
SP-26-14007,4007,Dispatched,19/06/2026,Al Quoz,,jay,2026-06-29 05:10:53
SP-26-14008,4008,Dispatched,19/06/2026,Al Quoz,,Anand,2026-06-29 05:10:53
SP-26-14009,4009,Dispatched,19/06/2026,Al Quoz,,jay,2026-06-29 05:10:53
SP-26-14010,4010,Dispatched,19/06/2026,Al Quoz,,Anand,2026-06-29 05:10:53
SP-26-13920,3920,Dispatched,19/06/2026,Abu Dhabi,,Shaman,2026-06-29 05:10:53
SP-26-13921,3921,Dispatched,19/06/2026,Abu Dhabi,,Shaman,2026-06-29 05:10:53
SP-26-13922,3922,Dispatched,19/06/2026,Abu Dhabi,,Shaman,2026-06-29 05:10:53
SP-26-13923,3923,Dispatched,19/06/2026,Abu Dhabi,,Shaman,2026-06-29 05:10:53
SP-26-13926,3926,Dispatched,19/06/2026,Abu Dhabi,,Shaman,2026-06-29 05:10:53
SP-26-13927,3927,Dispatched,19/06/2026,Abu Dhabi,,Shaman,2026-06-29 05:10:53
SP-26-13950,3950,Dispatched,19/06/2026,Abu Dhabi,,Shaman,2026-06-29 05:10:53
SP-26-13951,3951,Dispatched,19/06/2026,Abu Dhabi,,Shaman,2026-06-29 05:10:53
SP-26-13952,3952,Dispatched,19/06/2026,Abu Dhabi,,Shaman,2026-06-29 05:10:53
SP-26-13985,3985,Dispatched,19/06/2026,Abu Dhabi,,Shaman,2026-06-29 05:10:53
SP-26-13987,3987,Dispatched,19/06/2026,Abu Dhabi,,Shaman,2026-06-29 05:10:53
SP-26-13988,3988,Dispatched,19/06/2026,Abu Dhabi,,Shaman,2026-06-29 05:10:53
SP-26-13989,3989,Dispatched,19/06/2026,Abu Dhabi,,Shaman,2026-06-29 05:10:53
SP-26-13990,3990,Dispatched,19/06/2026,Abu Dhabi,,Shaman,2026-06-29 05:10:53
SP-26-13991,3991,Dispatched,19/06/2026,Abu Dhabi,,Shaman,2026-06-29 05:10:53
SP-26-13992,3992,Dispatched,19/06/2026,Abu Dhabi,,Shaman,2026-06-29 05:10:53
SP-26-13997,3997,Dispatched,19/06/2026,Abu Dhabi,,Shaman,2026-06-29 05:10:53
SP-26-13999,3999,Dispatched,19/06/2026,Abu Dhabi,,Shaman,2026-06-29 05:10:53
SP-26-14000,4000,Dispatched,19/06/2026,Abu Dhabi,,Shaman,2026-06-29 05:10:53
SP-26-14011,4011,Dispatched,19/06/2026,Abu Dhabi,,Shaman,2026-06-29 05:10:53
SP-26-14013,4013,Dispatched,19/06/2026,Abu Dhabi,,Shaman,2026-06-29 05:10:53
SP-26-13925,3925,Dispatched,19/06/2026,Sharjah,,Shaman,2026-06-29 05:10:53
SP-26-13930,3930,Dispatched,19/06/2026,Sharjah,,Melvin,2026-06-29 05:10:53
SP-26-13931,3931,Dispatched,19/06/2026,Sharjah,,Melvin,2026-06-29 05:10:53
SP-26-13932,3932,Dispatched,19/06/2026,Sharjah,,Melvin,2026-06-29 05:10:53
SP-26-13934,3934,Dispatched,19/06/2026,Sharjah,,Melvin,2026-06-29 05:10:53
SP-26-13935,3935,Dispatched,19/06/2026,Sharjah,,Melvin,2026-06-29 05:10:53
SP-26-13939,3939,Dispatched,19/06/2026,Sharjah,,Melvin,2026-06-29 05:10:53
SP-26-13940,3940,Dispatched,19/06/2026,Sharjah,,Shaman,2026-06-29 05:10:53
SP-26-13941,3941,Dispatched,19/06/2026,Sharjah,,Melvin,2026-06-29 05:10:53
SP-26-13944,3944,Dispatched,19/06/2026,Sharjah,,Melvin,2026-06-29 05:10:53
SP-26-13946,3946,Return,19/06/2026,Sharjah,[Full] Cust. Replace With Other Item [0823],Melvin,2026-06-29 05:10:53
SP-26-13948,3948,Dispatched,19/06/2026,Sharjah,,Melvin,2026-06-29 05:10:53
SP-26-13953,3953,Dispatched,19/06/2026,Sharjah,,Shaman,2026-06-29 05:10:53
SP-26-13955,3955,Dispatched,19/06/2026,Sharjah,,Melvin,2026-06-29 05:10:53
SP-26-13958,3958,Dispatched,19/06/2026,Sharjah,,Melvin,2026-06-29 05:10:53
SP-26-13967,3967,Dispatched,19/06/2026,Sharjah,,Melvin,2026-06-29 05:10:53
SP-26-13968,3968,Dispatched,19/06/2026,Sharjah,,Melvin,2026-06-29 05:10:53
SP-26-13969,3969,Dispatched,19/06/2026,Sharjah,,Melvin,2026-06-29 05:10:53
SP-26-13970,3970,Dispatched,19/06/2026,Sharjah,,Melvin,2026-06-29 05:10:53
SP-26-13971,3971,Dispatched,19/06/2026,Sharjah,,Melvin,2026-06-29 05:10:53
SP-26-13972,3972,Dispatched,19/06/2026,Sharjah,,Melvin,2026-06-29 05:10:53
SP-26-13976,3976,Dispatched,19/06/2026,Sharjah,,Melvin,2026-06-29 05:10:53
SP-26-13978,3978,Return,19/06/2026,Sharjah,[Partial] Wrong Supply By Coordinator (2pcs 2.8 433AN) [0827],Melvin,2026-06-29 05:10:53
SP-26-13979,3979,Dispatched,19/06/2026,Sharjah,,Melvin,2026-06-29 05:10:53
SP-26-13980,3980,Dispatched,19/06/2026,Sharjah,,Melvin,2026-06-29 05:10:53
SP-26-13981,3981,Return,19/06/2026,Sharjah,[Full] Wrong Supply By Coordinator,Melvin,2026-06-29 05:10:53
SP-26-13982,3982,Dispatched,19/06/2026,Sharjah,,Melvin,2026-06-29 05:10:53
SP-26-13986,3986,Dispatched,19/06/2026,Sharjah,,Melvin,2026-06-29 05:10:53
SP-26-13998,3998,Dispatched,19/06/2026,Sharjah,,Melvin,2026-06-29 05:10:53
SP-26-14001,4001,Dispatched,19/06/2026,Sharjah,,Melvin,2026-06-29 05:10:53
SP-26-14012,4012,Dispatched,19/06/2026,Sharjah,,Melvin,2026-06-29 05:10:53
SP-26-14014,4014,Dispatched,19/06/2026,Sharjah,,Melvin,2026-06-29 05:10:53
SP-26-14016,4016,Dispatched,19/06/2026,Sharjah,,Melvin,2026-06-29 05:10:53
SP-26-14024,4024,Dispatched,20/06/2026,DIP,,Rajendran,2026-06-29 05:10:53
SP-26-14057,4057,Dispatched,20/06/2026,DIP,,Rajendran,2026-06-29 05:10:53
SP-26-14058,4058,Dispatched,20/06/2026,DIP,,Rajendran,2026-06-29 05:10:53
SP-26-14075,4075,Dispatched,20/06/2026,DIP,,Rajendran,2026-06-29 05:10:53
SP-26-14080,4080,Dispatched,20/06/2026,DIP,,Rajendran,2026-06-29 05:10:53
SP-26-14084,4084,Dispatched,20/06/2026,DIP,,jay,2026-06-29 05:10:53
SP-26-14085,4085,Return,20/06/2026,DIP,[Full] Cust. Reduced The Qty.,Rajendran,2026-06-29 05:10:53
SP-26-14094,4094,Dispatched,20/06/2026,DIP,,Rajendran,2026-06-29 05:10:53
SP-26-14023,4023,Dispatched,20/06/2026,Abu Dhabi,,Shaman,2026-06-29 05:10:53
SP-26-14040,4040,Dispatched,20/06/2026,Abu Dhabi,,Shaman,2026-06-29 05:10:53
SP-26-14049,4049,Dispatched,20/06/2026,Abu Dhabi,,Shaman,2026-06-29 05:10:53
SP-26-14052,4052,Dispatched,20/06/2026,Abu Dhabi,,Shaman,2026-06-29 05:10:53
SP-26-14061,4061,Dispatched,20/06/2026,Abu Dhabi,,Shaman,2026-06-29 05:10:53
SP-26-14062,4062,Dispatched,20/06/2026,Abu Dhabi,,Shaman,2026-06-29 05:10:53
SP-26-14066,4066,Dispatched,20/06/2026,Abu Dhabi,,Shaman,2026-06-29 05:10:53
SP-26-14096,4096,Dispatched,20/06/2026,Abu Dhabi,,Shaman,2026-06-29 05:10:53
SP-26-14107,4107,Dispatched,20/06/2026,Abu Dhabi,,Shaman,2026-06-29 05:10:53
SP-26-14109,4109,Dispatched,20/06/2026,Abu Dhabi,,Shaman,2026-06-29 05:10:53
SP-26-14123,4123,Dispatched,22/06/2026,DIP,,Rajendran,2026-06-29 05:10:53
SP-26-14136,4136,Dispatched,22/06/2026,DIP,,Rajendran,2026-06-29 05:10:53
SP-26-14137,4137,Dispatched,22/06/2026,DIP,,Anand,2026-06-29 05:10:53
SP-26-14154,4154,Dispatched,22/06/2026,DIP,,Rajendran,2026-06-29 05:10:53
SP-26-14165,4165,Dispatched,22/06/2026,DIP,,Rajendran,2026-06-29 05:10:53
SP-26-14166,4166,Dispatched,22/06/2026,DIP,,Rajendran,2026-06-29 05:10:53
SP-26-14190,4190,Dispatched,22/06/2026,DIP,,Rajendran,2026-06-29 05:10:53
SP-26-14194,4194,Dispatched,22/06/2026,DIP,,Rajendran,2026-06-29 05:10:53
SP-26-14203,4203,Dispatched,22/06/2026,DIP,,Rajendran,2026-06-29 05:10:53
SP-26-14022,4022,Dispatched,20/06/2026,Sharjah,,Melvin,2026-06-29 05:10:53
SP-26-14027,4027,Dispatched,20/06/2026,Sharjah,,kalpesh,2026-06-29 05:10:53
SP-26-14028,4028,Dispatched,20/06/2026,Sharjah,,Melvin,2026-06-29 05:10:53
SP-26-14029,4029,Dispatched,20/06/2026,Sharjah,,Melvin,2026-06-29 05:10:53
SP-26-14033,4033,Dispatched,20/06/2026,Sharjah,,Melvin,2026-06-29 05:10:53
SP-26-14035,4035,Dispatched,20/06/2026,Sharjah,,Melvin,2026-06-29 05:10:53
SP-26-14036,4036,Dispatched,20/06/2026,Sharjah,,Melvin,2026-06-29 05:10:53
SP-26-14037,4037,Return,20/06/2026,Sharjah,[Full] Revised LPO received [0844],Melvin,2026-06-29 05:10:53
SP-26-14038,4038,Dispatched,20/06/2026,Sharjah,,Melvin,2026-06-29 05:10:53
SP-26-14039,4039,Dispatched,20/06/2026,Sharjah,,Melvin,2026-06-29 05:10:53
SP-26-14041,4041,Dispatched,20/06/2026,Sharjah,,Melvin,2026-06-29 05:10:53
SP-26-14043,4043,Dispatched,20/06/2026,Sharjah,,Melvin,2026-06-29 05:10:53
SP-26-14044,4044,Dispatched,20/06/2026,Sharjah,,Melvin,2026-06-29 05:10:53
SP-26-14045,4045,Dispatched,20/06/2026,Sharjah,,kalpesh,2026-06-29 05:10:53
SP-26-14047,4047,Return,20/06/2026,Sharjah,Cust. Replace With Other Item [0832],Melvin,2026-06-29 07:06:38
SP-26-14053,4053,Dispatched,20/06/2026,Sharjah,,Melvin,2026-06-29 05:10:53
SP-26-14059,4059,Dispatched,20/06/2026,Sharjah,,Melvin,2026-06-29 05:10:53
SP-26-14063,4063,Dispatched,20/06/2026,Sharjah,,Melvin,2026-06-29 05:10:53
SP-26-14064,4064,Dispatched,20/06/2026,Sharjah,,Melvin,2026-06-29 05:10:53
SP-26-14082,4082,Dispatched,20/06/2026,Sharjah,,Melvin,2026-06-29 05:10:53
SP-26-14086,4086,Dispatched,20/06/2026,Sharjah,,Melvin,2026-06-29 05:10:53
SP-26-14087,4087,Dispatched,20/06/2026,Sharjah,,Melvin,2026-06-29 05:10:53
SP-26-14088,4088,Dispatched,20/06/2026,Sharjah,,Melvin,2026-06-29 05:10:53
SP-26-14089,4089,Dispatched,20/06/2026,Sharjah,,Melvin,2026-06-29 05:10:53
SP-26-14090,4090,Dispatched,20/06/2026,Sharjah,,Melvin,2026-06-29 05:10:53
SP-26-14091,4091,Dispatched,20/06/2026,Sharjah,,Melvin,2026-06-29 05:10:53
SP-26-14098,4098,Dispatched,20/06/2026,Sharjah,,Melvin,2026-06-29 05:10:53
SP-26-14100,4100,Dispatched,20/06/2026,Sharjah,,Melvin,2026-06-29 05:10:53
SP-26-14101,4101,Dispatched,20/06/2026,Sharjah,,Melvin,2026-06-29 05:10:53
SP-26-14102,4102,Dispatched,20/06/2026,Sharjah,,Melvin,2026-06-29 05:10:53
SP-26-14103,4103,Dispatched,20/06/2026,Sharjah,,Melvin,2026-06-29 05:10:53
SP-26-14104,4104,Dispatched,20/06/2026,Sharjah,,Melvin,2026-06-29 05:10:53
SP-26-14106,4106,Dispatched,20/06/2026,Sharjah,,Melvin,2026-06-29 05:10:53
SP-26-14108,4108,Dispatched,20/06/2026,Sharjah,,Melvin,2026-06-29 05:10:53
SP-26-14111,4111,Dispatched,20/06/2026,Sharjah,,Melvin,2026-06-29 05:10:53
SP-26-14114,4114,Dispatched,20/06/2026,Sharjah,,Shaman,2026-06-29 05:10:53
SP-26-14116,4116,Dispatched,20/06/2026,Sharjah,,Melvin,2026-06-29 05:10:53
SP-26-14118,4118,Dispatched,20/06/2026,Sharjah,,Melvin,2026-06-29 05:10:53
SP-26-14021,4021,Dispatched,20/06/2026,Al Quoz,,jay,2026-06-29 05:10:53
SP-26-14025,4025,Dispatched,20/06/2026,Al Quoz,,Anand,2026-06-29 05:10:53
SP-26-14026,4026,Dispatched,20/06/2026,Al Quoz,,Anand,2026-06-29 05:10:53
SP-26-14031,4031,Dispatched,20/06/2026,Al Quoz,,Anand,2026-06-29 05:10:53
SP-26-14032,4032,Dispatched,20/06/2026,Al Quoz,,Anand,2026-06-29 05:10:53
SP-26-14034,4034,Dispatched,20/06/2026,Al Quoz,,Anand,2026-06-29 05:10:53
SP-26-14042,4042,Dispatched,20/06/2026,Al Quoz,,Anand,2026-06-29 05:10:53
SP-26-14046,4046,Return,20/06/2026,Al Quoz,,Anand,2026-06-29 05:10:53
SP-26-14048,4048,Dispatched,20/06/2026,Al Quoz,,Anand,2026-06-29 05:10:53
SP-26-14050,4050,Dispatched,20/06/2026,Al Quoz,,jay,2026-06-29 05:10:53
SP-26-14051,4051,Dispatched,20/06/2026,Al Quoz,,jay,2026-06-29 05:10:53
SP-26-14054,4054,Dispatched,20/06/2026,Al Quoz,,jay,2026-06-29 05:10:53
SP-26-14055,4055,Dispatched,20/06/2026,Al Quoz,,Anand,2026-06-29 05:10:53
SP-26-14056,4056,Dispatched,20/06/2026,Al Quoz,,jay,2026-06-29 05:10:53
SP-26-14060,4060,Dispatched,20/06/2026,Al Quoz,,jay,2026-06-29 05:10:53
SP-26-14067,4067,Dispatched,20/06/2026,Al Quoz,,Anand,2026-06-29 05:10:53
SP-26-14068,4068,Dispatched,20/06/2026,Al Quoz,,jay,2026-06-29 05:10:53
SP-26-14074,4074,Return,20/06/2026,Al Quoz,[Full] Customer name change,Melvin,2026-06-29 06:44:30
SP-26-14076,4076,Dispatched,20/06/2026,Al Quoz,,Melvin,2026-06-29 05:10:53
SP-26-14078,4078,Dispatched,20/06/2026,Al Quoz,,jay,2026-06-29 05:10:53
SP-26-14079,4079,Dispatched,20/06/2026,Al Quoz,,jay,2026-06-29 05:10:53
SP-26-14083,4083,Dispatched,20/06/2026,Al Quoz,,Anand,2026-06-29 05:10:53
SP-26-14092,4092,Dispatched,20/06/2026,Al Quoz,,jay,2026-06-29 05:10:53
SP-26-14093,4093,Dispatched,20/06/2026,Al Quoz,,jay,2026-06-29 05:10:53
SP-26-14097,4097,Dispatched,20/06/2026,Al Quoz,,Anand,2026-06-29 05:10:53
SP-26-14099,4099,Dispatched,20/06/2026,Al Quoz,,Melvin,2026-06-29 05:10:53
SP-26-14105,4105,Dispatched,20/06/2026,Al Quoz,,Anand,2026-06-29 05:10:53
SP-26-14110,4110,Dispatched,20/06/2026,Al Quoz,,Anand,2026-06-29 05:10:53
SP-26-14112,4112,Dispatched,20/06/2026,Al Quoz,,jay,2026-06-29 05:10:53
SP-26-14113,4113,Return,20/06/2026,Al Quoz,[Partial] Cust. Reduced The Qty. [0843] (reduced 5 pcs from 30 pcs),Shaman,2026-06-29 05:10:53
SP-26-14115,4115,Return,20/06/2026,Al Quoz,,Anand,2026-06-29 05:10:53
SP-26-14117,4117,Dispatched,20/06/2026,Al Quoz,,Anand,2026-06-29 05:10:53
SP-26-14122,4122,Dispatched,22/06/2026,Sharjah,,Melvin,2026-06-29 05:10:53
SP-26-14125,4125,Dispatched,22/06/2026,Sharjah,,Melvin,2026-06-29 05:10:53
SP-26-14126,4126,Dispatched,22/06/2026,Sharjah,,Melvin,2026-06-29 05:10:53
SP-26-14127,4127,Dispatched,22/06/2026,Sharjah,,Melvin,2026-06-29 05:10:53
SP-26-14128,4128,Return,22/06/2026,Sharjah,Revised LPO received [0838],Melvin,2026-06-29 07:07:46
SP-26-14129,4129,Dispatched,22/06/2026,Sharjah,,Melvin,2026-06-29 05:10:53
SP-26-14130,4130,Dispatched,22/06/2026,Sharjah,,Melvin,2026-06-29 05:10:53
SP-26-14131,4131,Dispatched,22/06/2026,Sharjah,,Melvin,2026-06-29 05:10:53
SP-26-14132,4132,Dispatched,22/06/2026,Sharjah,,Melvin,2026-06-29 05:10:53
SP-26-14133,4133,Dispatched,22/06/2026,Sharjah,,Melvin,2026-06-29 05:10:53
SP-26-14134,4134,Dispatched,22/06/2026,Sharjah,,Melvin,2026-06-29 05:10:53
SP-26-14141,4141,Dispatched,22/06/2026,Sharjah,,Melvin,2026-06-29 05:10:53
SP-26-14143,4143,Dispatched,22/06/2026,Sharjah,,Melvin,2026-06-29 05:10:53
SP-26-14146,4146,Dispatched,22/06/2026,Sharjah,,Melvin,2026-06-29 05:10:53
SP-26-14148,4148,Return,22/06/2026,Sharjah,"[Partial] 1 Tube short, material not available physically",Melvin,2026-06-29 06:44:30
SP-26-14149,4149,Dispatched,22/06/2026,Sharjah,,Melvin,2026-06-29 05:10:53
SP-26-14152,4152,Dispatched,22/06/2026,Sharjah,,Melvin,2026-06-29 05:10:53
SP-26-14153,4153,Dispatched,22/06/2026,Sharjah,,Melvin,2026-06-29 05:10:53
SP-26-14156,4156,Dispatched,22/06/2026,Sharjah,,Melvin,2026-06-29 05:10:53
SP-26-14157,4157,Dispatched,22/06/2026,Sharjah,,Melvin,2026-06-29 05:10:53
SP-26-14158,4158,Dispatched,22/06/2026,Sharjah,,Melvin,2026-06-29 05:10:53
SP-26-14159,4159,Dispatched,22/06/2026,Sharjah,,Melvin,2026-06-29 05:10:53
SP-26-14160,4160,Dispatched,22/06/2026,Sharjah,,Melvin,2026-06-29 05:10:53
SP-26-14161,4161,Dispatched,22/06/2026,Sharjah,Name changed with old invoice (SP-26-12504) as per customer request,jay,2026-06-29 08:33:04
SP-26-14163,4163,Dispatched,22/06/2026,Sharjah,,Melvin,2026-06-29 05:10:53
SP-26-14164,4164,Dispatched,22/06/2026,Sharjah,,Melvin,2026-06-29 05:10:53
SP-26-14174,4174,Dispatched,22/06/2026,Sharjah,,Melvin,2026-06-29 05:10:53
SP-26-14177,4177,Dispatched,22/06/2026,Sharjah,,Melvin,2026-06-29 05:10:53
SP-26-14182,4182,Dispatched,22/06/2026,Sharjah,,Melvin,2026-06-29 05:10:53
SP-26-14185,4185,Dispatched,22/06/2026,Sharjah,,Melvin,2026-06-29 05:10:53
SP-26-14187,4187,Dispatched,22/06/2026,Sharjah,,Melvin,2026-06-29 05:10:53
SP-26-14189,4189,Dispatched,22/06/2026,Sharjah,,Melvin,2026-06-29 05:10:53
SP-26-14192,4192,Dispatched,22/06/2026,Sharjah,,Melvin,2026-06-29 05:10:53
SP-26-14193,4193,Dispatched,22/06/2026,Sharjah,,Melvin,2026-06-29 05:10:53
SP-26-14196,4196,Dispatched,22/06/2026,Sharjah,,kalpesh,2026-06-29 05:10:53
SP-26-14197,4197,Dispatched,22/06/2026,Sharjah,,Melvin,2026-06-29 05:10:53
SP-26-14204,4204,Dispatched,22/06/2026,Sharjah,,Melvin,2026-06-29 05:10:53
SP-26-14205,4205,Dispatched,22/06/2026,Sharjah,,Melvin,2026-06-29 05:10:53
SP-26-14206,4206,Dispatched,22/06/2026,Sharjah,,Melvin,2026-06-29 05:10:53
SP-26-14218,4218,Dispatched,23/06/2026,Sharjah,,Melvin,2026-06-29 05:10:53
SP-26-14220,4220,Dispatched,23/06/2026,Sharjah,,Melvin,2026-06-29 05:10:53
SP-26-14222,4222,Dispatched,23/06/2026,Sharjah,,Melvin,2026-06-29 05:10:53
SP-26-14223,4223,Dispatched,23/06/2026,Sharjah,,Melvin,2026-06-29 05:10:53
SP-26-14225,4225,Dispatched,23/06/2026,Sharjah,,Melvin,2026-06-29 05:10:53
SP-26-14226,4226,Dispatched,23/06/2026,Sharjah,,Melvin,2026-06-29 05:10:53
SP-26-14230,4230,Dispatched,23/06/2026,Sharjah,,Melvin,2026-06-29 05:10:53
SP-26-14231,4231,Dispatched,23/06/2026,Sharjah,,Melvin,2026-06-29 05:10:53
SP-26-14233,4233,Dispatched,23/06/2026,Sharjah,,Melvin,2026-06-29 05:10:53
SP-26-14235,4235,Dispatched,23/06/2026,Sharjah,,Melvin,2026-06-29 05:10:53
SP-26-14244,4244,Dispatched,23/06/2026,Sharjah,,Melvin,2026-06-29 05:10:53
SP-26-14245,4245,Dispatched,23/06/2026,Sharjah,,Melvin,2026-06-29 05:10:53
SP-26-14246,4246,Dispatched,23/06/2026,Sharjah,,Melvin,2026-06-29 05:10:53
SP-26-14248,4248,Dispatched,23/06/2026,Sharjah,,Rajendran,2026-06-29 10:52:03
SP-26-14252,4252,Dispatched,23/06/2026,Sharjah,,Melvin,2026-06-29 10:44:26
SP-26-14257,4257,Dispatched,23/06/2026,Sharjah,,Melvin,2026-06-29 05:10:53
SP-26-14258,4258,Dispatched,23/06/2026,Sharjah,,Melvin,2026-06-29 05:10:53
SP-26-14259,4259,Dispatched,23/06/2026,Sharjah,,Melvin,2026-06-29 05:10:53
SP-26-14267,4267,Dispatched,23/06/2026,Sharjah,,Melvin,2026-06-29 05:10:53
SP-26-14268,4268,Dispatched,23/06/2026,Sharjah,,Melvin,2026-06-29 05:10:53
SP-26-14272,4272,Dispatched,23/06/2026,Sharjah,,Melvin,2026-06-29 05:10:53
SP-26-14274,4274,Dispatched,23/06/2026,Sharjah,,Shaman,2026-06-29 05:10:53
SP-26-14275,4275,Dispatched,23/06/2026,Sharjah,,Melvin,2026-06-29 05:10:53
SP-26-14277,4277,Dispatched,23/06/2026,Sharjah,,Melvin,2026-06-29 05:10:53
SP-26-14279,4279,Dispatched,23/06/2026,Sharjah,,Melvin,2026-06-29 05:10:53
SP-26-14287,4287,Dispatched,23/06/2026,Sharjah,,Melvin,2026-06-29 05:10:53
SP-26-14292,4292,Dispatched,23/06/2026,Sharjah,,Shaman,2026-06-29 05:10:53
SP-26-14297,4297,Dispatched,23/06/2026,Sharjah,,Melvin,2026-06-29 05:10:53
SP-26-14308,4308,Dispatched,23/06/2026,Sharjah,,Melvin,2026-06-29 05:10:53
SP-26-14310,4310,Dispatched,23/06/2026,Sharjah,,Melvin,2026-06-29 05:10:53
SP-26-14311,4311,Dispatched,23/06/2026,Sharjah,,Melvin,2026-06-29 05:10:53
SP-26-14314,4314,Dispatched,23/06/2026,Sharjah,,Anand,2026-06-29 05:10:53
SP-26-14315,4315,Dispatched,23/06/2026,Sharjah,,Melvin,2026-06-29 05:10:53
SP-26-14119,4119,Dispatched,22/06/2026,Al Quoz,,Rajendran,2026-06-29 05:10:53
SP-26-14120,4120,Dispatched,22/06/2026,Al Quoz,,jay,2026-06-29 05:10:53
SP-26-14121,4121,Dispatched,22/06/2026,Al Quoz,,jay,2026-06-29 05:10:53
SP-26-14140,4140,Dispatched,22/06/2026,Al Quoz,,Anand,2026-06-29 05:10:53
SP-26-14142,4142,Dispatched,22/06/2026,Al Quoz,,Rajendran,2026-06-29 08:15:16
SP-26-14144,4144,Dispatched,22/06/2026,Al Quoz,,Anand,2026-06-29 05:10:53
SP-26-14145,4145,Dispatched,22/06/2026,Al Quoz,,jay,2026-06-29 05:10:53
SP-26-14147,4147,Dispatched,22/06/2026,Al Quoz,,Rajendran,2026-06-29 05:10:53
SP-26-14150,4150,Dispatched,22/06/2026,Al Quoz,,Anand,2026-06-29 05:10:53
SP-26-14151,4151,Dispatched,22/06/2026,Al Quoz,,Anand,2026-06-29 05:10:53
SP-26-14155,4155,Dispatched,22/06/2026,Al Quoz,,Anand,2026-06-29 05:10:53
SP-26-14167,4167,Dispatched,22/06/2026,Al Quoz,,jay,2026-06-29 05:10:53
SP-26-14168,4168,Dispatched,22/06/2026,Al Quoz,,Anand,2026-06-29 05:10:53
SP-26-14169,4169,Dispatched,22/06/2026,Al Quoz,,Anand,2026-06-29 05:10:53
SP-26-14170,4170,Dispatched,22/06/2026,Al Quoz,,Anand,2026-06-29 05:10:53
SP-26-14172,4172,Dispatched,22/06/2026,Al Quoz,,Anand,2026-06-29 05:10:53
SP-26-14176,4176,Return,22/06/2026,Al Quoz,Revised LPO received [0844],Melvin,2026-06-29 08:01:25
SP-26-14180,4180,Dispatched,22/06/2026,Al Quoz,,Anand,2026-06-29 05:10:53
SP-26-14181,4181,Dispatched,22/06/2026,Al Quoz,,jay,2026-06-29 05:10:53
SP-26-14183,4183,Dispatched,22/06/2026,Al Quoz,,jay,2026-06-29 05:10:53
SP-26-14184,4184,Dispatched,22/06/2026,Al Quoz,,Anand,2026-06-29 05:10:53
SP-26-14195,4195,Dispatched,22/06/2026,Al Quoz,,Anand,2026-06-29 05:10:53
SP-26-14198,4198,Dispatched,22/06/2026,Al Quoz,,Shaman,2026-06-29 05:10:53
SP-26-14199,4199,Dispatched,22/06/2026,Al Quoz,,Anand,2026-06-29 05:10:53
SP-26-14201,4201,Dispatched,22/06/2026,Al Quoz,,Anand,2026-06-29 05:10:53
SP-26-14208,4208,Dispatched,22/06/2026,Al Quoz,,Melvin,2026-06-29 05:10:53
SP-26-14210,4210,Dispatched,23/06/2026,DIP,,Rajendran,2026-06-29 05:10:53
SP-26-14228,4228,Dispatched,23/06/2026,DIP,,Rajendran,2026-06-29 05:10:53
SP-26-14239,4239,Dispatched,23/06/2026,DIP,,Rajendran,2026-06-29 05:10:53
SP-26-14242,4242,Dispatched,23/06/2026,DIP,,Rajendran,2026-06-29 05:10:53
SP-26-14243,4243,Dispatched,23/06/2026,DIP,,Rajendran,2026-06-29 05:10:53
SP-26-14251,4251,Dispatched,23/06/2026,DIP,,Rajendran,2026-06-29 05:10:53
SP-26-14260,4260,Dispatched,23/06/2026,DIP,,Rajendran,2026-06-29 05:10:53
SP-26-14264,4264,Dispatched,23/06/2026,DIP,,Rajendran,2026-06-29 05:10:53
SP-26-14290,4290,Dispatched,23/06/2026,DIP,,Rajendran,2026-06-29 05:10:53
SP-26-14295,4295,Dispatched,23/06/2026,DIP,,Rajendran,2026-06-29 05:10:53
SP-26-14301,4301,Dispatched,23/06/2026,DIP,,Rajendran,2026-06-29 05:10:53
SP-26-14302,4302,Dispatched,23/06/2026,DIP,,Rajendran,2026-06-29 05:10:53
SP-26-14309,4309,Dispatched,23/06/2026,DIP,,Rajendran,2026-06-29 05:10:53
SP-26-14319,4319,Dispatched,24/06/2026,DIP,,Rajendran,2026-06-29 05:10:53
SP-26-14328,4328,Dispatched,24/06/2026,DIP,,Rajendran,2026-06-29 05:10:53
SP-26-14345,4345,Dispatched,24/06/2026,DIP,,Rajendran,2026-06-29 05:10:53
SP-26-14347,4347,Dispatched,24/06/2026,DIP,,Melvin,2026-06-29 05:10:53
SP-26-14363,4363,Dispatched,24/06/2026,DIP,,Rajendran,2026-06-29 05:10:53
SP-26-14366,4366,Dispatched,24/06/2026,DIP,,Rajendran,2026-06-29 05:10:53
SP-26-14393,4393,Dispatched,24/06/2026,DIP,,Rajendran,2026-06-29 05:10:53
SP-26-14394,4394,Dispatched,24/06/2026,DIP,,Rajendran,2026-06-29 05:10:53
SP-26-14402,4402,Dispatched,24/06/2026,DIP,,Rajendran,2026-06-29 05:10:53
SP-26-14406,4406,Dispatched,24/06/2026,DIP,,Rajendran,2026-06-29 05:10:53
SP-26-14407,4407,Dispatched,24/06/2026,DIP,,Rajendran,2026-06-29 05:10:53
SP-26-14410,4410,Dispatched,24/06/2026,DIP,,Melvin,2026-06-29 05:10:53
SP-26-14211,4211,Dispatched,23/06/2026,Al Quoz,,jay,2026-06-29 05:10:53
SP-26-14213,4213,Dispatched,23/06/2026,Al Quoz,,jay,2026-06-29 05:10:53
SP-26-14214,4214,Dispatched,23/06/2026,Al Quoz,,jay,2026-06-29 05:10:53
SP-26-14216,4216,Dispatched,23/06/2026,Al Quoz,,jay,2026-06-29 05:10:53
SP-26-14217,4217,Dispatched,23/06/2026,Al Quoz,,jay,2026-06-29 05:10:53
SP-26-14219,4219,Dispatched,23/06/2026,Al Quoz,,Melvin,2026-06-29 05:10:53
SP-26-14221,4221,Return,23/06/2026,Al Quoz,Order Cancelled By Cust. - Before Delivery [0849],Melvin,2026-06-29 07:04:05
SP-26-14227,4227,Dispatched,23/06/2026,Al Quoz,,jay,2026-06-29 05:10:53
SP-26-14232,4232,Dispatched,23/06/2026,Al Quoz,,jay,2026-06-29 05:10:53
SP-26-14234,4234,Dispatched,23/06/2026,Al Quoz,,jay,2026-06-29 05:10:53
SP-26-14236,4236,Dispatched,23/06/2026,Al Quoz,,jay,2026-06-29 05:10:53
SP-26-14237,4237,Dispatched,23/06/2026,Al Quoz,,jay,2026-06-29 05:10:53
SP-26-14238,4238,Dispatched,23/06/2026,Al Quoz,,Melvin,2026-06-29 05:10:53
SP-26-14250,4250,Dispatched,23/06/2026,Al Quoz,,jay,2026-06-29 05:10:53
SP-26-14255,4255,Dispatched,23/06/2026,Al Quoz,,jay,2026-06-29 05:10:53
SP-26-14256,4256,Dispatched,23/06/2026,Al Quoz,,jay,2026-06-29 05:10:53
SP-26-14265,4265,Dispatched,23/06/2026,Al Quoz,,jay,2026-06-29 05:10:53
SP-26-14266,4266,Dispatched,23/06/2026,Al Quoz,,jay,2026-06-29 05:10:53
SP-26-14270,4270,Dispatched,23/06/2026,Al Quoz,,jay,2026-06-29 05:10:53
SP-26-14271,4271,Dispatched,23/06/2026,Al Quoz,,jay,2026-06-29 05:10:53
SP-26-14278,4278,Dispatched,23/06/2026,Al Quoz,,jay,2026-06-29 05:10:53
SP-26-14283,4283,Dispatched,23/06/2026,Al Quoz,,jay,2026-06-29 05:10:53
SP-26-14285,4285,Dispatched,23/06/2026,Al Quoz,,jay,2026-06-29 05:10:53
SP-26-14286,4286,Dispatched,23/06/2026,Al Quoz,,jay,2026-06-29 05:10:53
SP-26-14288,4288,Dispatched,23/06/2026,Al Quoz,,jay,2026-06-29 05:10:53
SP-26-14289,4289,Dispatched,23/06/2026,Al Quoz,,jay,2026-06-29 05:10:53
SP-26-14291,4291,Dispatched,23/06/2026,Al Quoz,,jay,2026-06-29 05:10:53
SP-26-14296,4296,Dispatched,23/06/2026,Al Quoz,,jay,2026-06-29 05:10:53
SP-26-14299,4299,Dispatched,23/06/2026,Al Quoz,,jay,2026-06-29 05:10:53
SP-26-14312,4312,Dispatched,23/06/2026,Al Quoz,,jay,2026-06-29 05:10:53
SP-26-14313,4313,Dispatched,23/06/2026,Al Quoz,,jay,2026-06-29 05:10:53
SP-26-14229,4229,Dispatched,23/06/2026,Abu Dhabi,,Shaman,2026-06-29 05:10:53
SP-26-14240,4240,Dispatched,23/06/2026,Abu Dhabi,,Shaman,2026-06-29 05:10:53
SP-26-14253,4253,Dispatched,23/06/2026,Abu Dhabi,,Shaman,2026-06-29 05:10:53
SP-26-14261,4261,Dispatched,23/06/2026,Abu Dhabi,,Shaman,2026-06-29 05:10:53
SP-26-14273,4273,Dispatched,23/06/2026,Abu Dhabi,,Shaman,2026-06-29 05:10:53
SP-26-14280,4280,Dispatched,23/06/2026,Abu Dhabi,,Shaman,2026-06-29 05:10:53
SP-26-14281,4281,Dispatched,23/06/2026,Abu Dhabi,,Shaman,2026-06-29 05:10:53
SP-26-14282,4282,Dispatched,23/06/2026,Abu Dhabi,,Shaman,2026-06-29 05:10:53
SP-26-14284,4284,Dispatched,23/06/2026,Abu Dhabi,,Shaman,2026-06-29 05:10:53
SP-26-14293,4293,Dispatched,23/06/2026,Abu Dhabi,,Shaman,2026-06-29 05:10:53
SP-26-14294,4294,Dispatched,23/06/2026,Abu Dhabi,,Shaman,2026-06-29 05:10:53
SP-26-14298,4298,Dispatched,23/06/2026,Abu Dhabi,,Shaman,2026-06-29 05:10:53
SP-26-14300,4300,Dispatched,23/06/2026,Abu Dhabi,,Anand,2026-06-29 05:10:53
SP-26-14329,4329,Dispatched,24/06/2026,Sharjah,,Melvin,2026-06-29 05:10:53
SP-26-14330,4330,Dispatched,24/06/2026,Sharjah,,Melvin,2026-06-29 05:10:53
SP-26-14331,4331,Dispatched,24/06/2026,Sharjah,,Melvin,2026-06-29 05:10:53
SP-26-14338,4338,Dispatched,24/06/2026,Sharjah,,Melvin,2026-06-29 05:10:53
SP-26-14339,4339,Dispatched,24/06/2026,Sharjah,,Melvin,2026-06-29 10:46:23
SP-26-14340,4340,Dispatched,24/06/2026,Sharjah,,Melvin,2026-06-29 05:10:53
SP-26-14343,4343,Return,24/06/2026,Sharjah,[Full] Full Return Entry,Melvin,2026-07-02 09:55:20
SP-26-14356,4356,Dispatched,24/06/2026,Sharjah,,Melvin,2026-06-29 05:10:53
SP-26-14357,4357,Dispatched,24/06/2026,Sharjah,,Melvin,2026-06-29 05:10:53
SP-26-14358,4358,Dispatched,24/06/2026,Sharjah,,Melvin,2026-06-29 05:10:53
SP-26-14359,4359,Dispatched,24/06/2026,Sharjah,,Melvin,2026-06-29 05:10:53
SP-26-14364,4364,Return,24/06/2026,Sharjah,[Full] Full Return Entry,Melvin,2026-07-02 06:19:33
SP-26-14365,4365,Dispatched,24/06/2026,Sharjah,,Melvin,2026-06-29 05:10:53
SP-26-14368,4368,Dispatched,24/06/2026,Sharjah,,Melvin,2026-06-29 05:10:53
SP-26-14374,4374,Dispatched,24/06/2026,Sharjah,,Melvin,2026-06-29 05:10:53
SP-26-14378,4378,Dispatched,24/06/2026,Sharjah,,Melvin,2026-06-29 05:10:53
SP-26-14386,4386,Dispatched,24/06/2026,Sharjah,,Melvin,2026-06-29 05:10:53
SP-26-14401,4401,Dispatched,24/06/2026,Sharjah,,Melvin,2026-06-29 05:10:53
SP-26-14404,4404,Dispatched,24/06/2026,Sharjah,,Melvin,2026-06-29 05:10:53
SP-26-14405,4405,Dispatched,24/06/2026,Sharjah,,Melvin,2026-06-29 05:10:53
SP-26-14408,4408,Dispatched,24/06/2026,Sharjah,,Melvin,2026-06-29 05:10:53
SP-26-14409,4409,Return,24/06/2026,Sharjah,[Full] Full Return Entry,Melvin,2026-07-02 06:19:33
SP-26-14411,4411,Dispatched,24/06/2026,Sharjah,,Melvin,2026-06-29 05:10:53
SP-26-14317,4317,Dispatched,24/06/2026,Al Quoz,,Rajendran,2026-06-29 05:10:53
SP-26-14318,4318,Dispatched,24/06/2026,Al Quoz,,jay,2026-06-29 05:10:53
SP-26-14320,4320,Dispatched,24/06/2026,Al Quoz,,jay,2026-06-29 05:10:53
SP-26-14327,4327,Dispatched,24/06/2026,Al Quoz,,jay,2026-06-29 05:10:53
SP-26-14332,4332,Dispatched,24/06/2026,Al Quoz,,jay,2026-06-29 05:10:53
SP-26-14334,4334,Dispatched,24/06/2026,Al Quoz,,jay,2026-06-29 05:10:53
SP-26-14342,4342,Dispatched,24/06/2026,Al Quoz,,jay,2026-06-29 05:10:53
SP-26-14344,4344,Dispatched,24/06/2026,Al Quoz,,jay,2026-06-29 05:10:53
SP-26-14348,4348,Dispatched,24/06/2026,Al Quoz,,jay,2026-06-29 05:10:53
SP-26-14353,4353,Dispatched,24/06/2026,Al Quoz,,jay,2026-06-29 05:10:53
SP-26-14360,4360,Dispatched,24/06/2026,Al Quoz,,Melvin,2026-06-29 05:10:53
SP-26-14361,4361,Dispatched,24/06/2026,Al Quoz,,Melvin,2026-06-29 05:10:53
SP-26-14362,4362,Dispatched,24/06/2026,Al Quoz,,jay,2026-06-29 05:10:53
SP-26-14369,4369,Dispatched,24/06/2026,Al Quoz,,jay,2026-06-29 05:10:53
SP-26-14370,4370,Dispatched,24/06/2026,Al Quoz,,jay,2026-06-29 05:10:53
SP-26-14371,4371,Return,24/06/2026,Al Quoz,[Full] Auto-logged (Retro-Reconciled),jay,2026-06-29 05:10:53
SP-26-14372,4372,Dispatched,24/06/2026,Al Quoz,,jay,2026-06-29 05:10:53
SP-26-14373,4373,Dispatched,24/06/2026,Al Quoz,,jay,2026-06-29 05:10:53
SP-26-14375,4375,Dispatched,24/06/2026,Al Quoz,,jay,2026-06-29 05:10:53
SP-26-14377,4377,Dispatched,24/06/2026,Al Quoz,,jay,2026-06-29 05:10:53
SP-26-14379,4379,Dispatched,24/06/2026,Al Quoz,,jay,2026-06-29 05:10:53
SP-26-14380,4380,Dispatched,24/06/2026,Al Quoz,,jay,2026-06-29 05:10:53
SP-26-14391,4391,Dispatched,24/06/2026,Al Quoz,,jay,2026-06-29 05:10:53
SP-26-14392,4392,Dispatched,24/06/2026,Al Quoz,,jay,2026-06-29 05:10:53
SP-26-14397,4397,Dispatched,24/06/2026,Al Quoz,,jay,2026-06-29 05:10:53
SP-26-14398,4398,Dispatched,24/06/2026,Al Quoz,,jay,2026-06-29 05:10:53
SP-26-14399,4399,Dispatched,24/06/2026,Al Quoz,,jay,2026-06-29 05:10:53
SP-26-14400,4400,Dispatched,24/06/2026,Al Quoz,,jay,2026-06-29 05:10:53
SP-26-14403,4403,Dispatched,24/06/2026,Al Quoz,,jay,2026-06-29 05:10:53
SP-26-14321,4321,Dispatched,24/06/2026,Abu Dhabi,,Anand,2026-06-29 05:10:53
SP-26-14323,4323,Dispatched,24/06/2026,Abu Dhabi,,Anand,2026-06-29 05:10:53
SP-26-14324,4324,Dispatched,24/06/2026,Abu Dhabi,,Anand,2026-06-29 05:10:53
SP-26-14325,4325,Dispatched,24/06/2026,Abu Dhabi,,Anand,2026-06-29 05:10:53
SP-26-14326,4326,Dispatched,24/06/2026,Abu Dhabi,,Anand,2026-06-29 05:10:53
SP-26-14341,4341,Dispatched,24/06/2026,Abu Dhabi,,Anand,2026-06-29 05:10:53
SP-26-14346,4346,Dispatched,24/06/2026,Abu Dhabi,,Anand,2026-06-29 05:10:53
SP-26-14349,4349,Dispatched,24/06/2026,Abu Dhabi,,Anand,2026-06-29 05:10:53
SP-26-14350,4350,Dispatched,24/06/2026,Abu Dhabi,,Anand,2026-06-29 05:10:53
SP-26-14351,4351,Dispatched,24/06/2026,Abu Dhabi,,Anand,2026-06-29 05:10:53
SP-26-14352,4352,Dispatched,24/06/2026,Abu Dhabi,,Anand,2026-06-29 05:10:53
SP-26-14354,4354,Dispatched,24/06/2026,Abu Dhabi,,Anand,2026-06-29 05:10:53
SP-26-14355,4355,Dispatched,24/06/2026,Abu Dhabi,,Anand,2026-06-29 05:10:53
SP-26-14367,4367,Dispatched,24/06/2026,Abu Dhabi,,Melvin,2026-06-29 10:49:00
SP-26-14381,4381,Dispatched,24/06/2026,Abu Dhabi,,Anand,2026-06-29 05:10:53
SP-26-14382,4382,Dispatched,24/06/2026,Abu Dhabi,,Anand,2026-06-29 05:10:53
SP-26-14383,4383,Dispatched,24/06/2026,Abu Dhabi,,Anand,2026-06-29 05:10:53
SP-26-14384,4384,Dispatched,24/06/2026,Abu Dhabi,,Anand,2026-06-29 05:10:53
SP-26-14385,4385,Dispatched,24/06/2026,Abu Dhabi,,Anand,2026-06-29 05:10:53
SP-26-14388,4388,Pending,24/06/2026,Abu Dhabi,Will be return. Waiting entry,Anand,2026-06-30 08:08:05
SP-26-14389,4389,Dispatched,24/06/2026,Abu Dhabi,,Anand,2026-06-29 05:10:53
SP-26-14390,4390,Dispatched,24/06/2026,Abu Dhabi,,Anand,2026-06-29 05:10:53
SP-26-14395,4395,Dispatched,24/06/2026,Abu Dhabi,,Anand,2026-06-29 05:10:53
SP-26-14416,4416,Dispatched,25/06/2026,DIP,,Rajendran,2026-06-29 05:10:53
SP-26-14437,4437,Dispatched,25/06/2026,DIP,,Rajendran,2026-06-29 05:10:53
SP-26-14444,4444,Dispatched,25/06/2026,DIP,,Rajendran,2026-06-29 05:10:53
SP-26-14481,4481,Dispatched,25/06/2026,DIP,,Rajendran,2026-06-29 05:10:53
SP-26-14484,4484,Dispatched,25/06/2026,DIP,,Rajendran,2026-06-29 05:10:53
SP-26-14487,4487,Dispatched,25/06/2026,DIP,,Rajendran,2026-06-29 05:10:53
SP-26-14488,4488,Dispatched,25/06/2026,DIP,,Rajendran,2026-06-29 05:10:53
SP-26-14492,4492,Dispatched,25/06/2026,DIP,,Rajendran,2026-06-29 05:10:53
SP-26-14519,4519,Dispatched,26/06/2026,DIP,,Rajendran,2026-06-29 05:10:53
SP-26-14520,4520,Dispatched,26/06/2026,DIP,,Rajendran,2026-06-29 05:10:53
SP-26-14561,4561,Dispatched,26/06/2026,DIP,,Rajendran,2026-06-29 05:10:53
SP-26-14562,4562,Dispatched,26/06/2026,DIP,,Rajendran,2026-06-29 05:10:53
SP-26-14580,4580,Dispatched,26/06/2026,DIP,,Rajendran,2026-06-29 05:10:53
SP-26-14589,4589,Dispatched,26/06/2026,DIP,,Rajendran,2026-06-29 05:10:53
SP-26-14590,4590,Dispatched,26/06/2026,DIP,,Rajendran,2026-06-29 05:10:53
SP-26-14414,4414,Dispatched,25/06/2026,Abu Dhabi,,Anand,2026-06-29 05:10:53
SP-26-14423,4423,Dispatched,25/06/2026,Abu Dhabi,,Rajendran,2026-06-29 05:10:53
SP-26-14425,4425,Dispatched,25/06/2026,Abu Dhabi,,Anand,2026-06-29 05:10:53
SP-26-14427,4427,Dispatched,25/06/2026,Abu Dhabi,,Anand,2026-06-29 05:10:53
SP-26-14428,4428,Dispatched,25/06/2026,Abu Dhabi,,Anand,2026-06-29 08:08:13
SP-26-14429,4429,Pending,25/06/2026,Abu Dhabi,Waiting cutomer,Anand,2026-06-30 08:08:05
SP-26-14435,4435,Dispatched,25/06/2026,Abu Dhabi,,Anand,2026-06-29 05:10:53
SP-26-14442,4442,Dispatched,25/06/2026,Abu Dhabi,,Anand,2026-06-29 05:10:53
SP-26-14450,4450,Dispatched,25/06/2026,Abu Dhabi,,Anand,2026-06-29 08:09:20
SP-26-14460,4460,Dispatched,25/06/2026,Abu Dhabi,,Anand,2026-06-29 05:10:53
SP-26-14461,4461,Dispatched,25/06/2026,Abu Dhabi,,Anand,2026-06-29 05:10:53
SP-26-14464,4464,Dispatched,25/06/2026,Abu Dhabi,,Anand,2026-06-29 05:10:53
SP-26-14471,4471,Dispatched,25/06/2026,Abu Dhabi,,Anand,2026-06-29 05:10:53
SP-26-14483,4483,Dispatched,25/06/2026,Abu Dhabi,,Anand,2026-06-29 08:10:09
SP-26-14497,4497,Dispatched,25/06/2026,Abu Dhabi,,Anand,2026-06-29 08:11:35
SP-26-14503,4503,Dispatched,25/06/2026,Abu Dhabi,,Anand,2026-06-29 05:10:53
SP-26-14418,4418,Dispatched,25/06/2026,Sharjah,,Melvin,2026-06-29 05:10:53
SP-26-14422,4422,Dispatched,25/06/2026,Sharjah,Confirmed by Melvin,Melvin,2026-06-30 08:09:29
SP-26-14430,4430,Dispatched,25/06/2026,Sharjah,,Melvin,2026-06-29 05:10:53
SP-26-14431,4431,Dispatched,25/06/2026,Sharjah,,Melvin,2026-06-29 05:10:53
SP-26-14438,4438,Dispatched,25/06/2026,Sharjah,,Melvin,2026-06-29 05:10:53
SP-26-14449,4449,Dispatched,25/06/2026,Sharjah,,Melvin,2026-06-29 05:10:53
SP-26-14451,4451,Dispatched,25/06/2026,Sharjah,,kalpesh,2026-06-29 05:10:53
SP-26-14453,4453,Dispatched,25/06/2026,Sharjah,,Melvin,2026-06-29 05:10:53
SP-26-14455,4455,Dispatched,25/06/2026,Sharjah,,Melvin,2026-06-29 05:10:53
SP-26-14456,4456,Dispatched,25/06/2026,Sharjah,,Melvin,2026-06-29 05:10:53
SP-26-14457,4457,Dispatched,25/06/2026,Sharjah,,Melvin,2026-06-29 05:10:53
SP-26-14459,4459,Dispatched,25/06/2026,Sharjah,,Melvin,2026-06-29 05:10:53
SP-26-14466,4466,Dispatched,25/06/2026,Sharjah,,Melvin,2026-06-29 05:10:53
SP-26-14467,4467,Dispatched,25/06/2026,Sharjah,,Melvin,2026-06-29 05:10:53
SP-26-14472,4472,Dispatched,25/06/2026,Sharjah,,Melvin,2026-06-29 05:10:53
SP-26-14473,4473,Dispatched,25/06/2026,Sharjah,,Melvin,2026-06-29 05:10:53
SP-26-14476,4476,Return,25/06/2026,Sharjah,[Partial] Cust. Reduced The Qty.  (6 pcs - 7 from 13 pcs),Melvin,2026-06-29 06:44:30
SP-26-14480,4480,Dispatched,25/06/2026,Abu Dhabi,,Anand,2026-06-29 08:12:11
SP-26-14482,4482,Dispatched,25/06/2026,Sharjah,,Melvin,2026-06-29 05:10:53
SP-26-14485,4485,Dispatched,25/06/2026,Sharjah,,Melvin,2026-06-29 05:10:53
SP-26-14486,4486,Dispatched,25/06/2026,Sharjah,,Melvin,2026-06-29 05:10:53
SP-26-14495,4495,Dispatched,25/06/2026,Sharjah,,Melvin,2026-06-29 05:10:53
SP-26-14498,4498,Dispatched,25/06/2026,Sharjah,,Melvin,2026-06-29 05:10:53
SP-26-14501,4501,Dispatched,25/06/2026,Sharjah,,Melvin,2026-06-29 05:10:53
SP-26-14506,4506,Dispatched,25/06/2026,Sharjah,,Melvin,2026-06-29 05:10:53
SP-26-14522,4522,Return,26/06/2026,Sharjah,Cust. Replace With Other Item [0855],Melvin,2026-06-29 08:03:38
SP-26-14523,4523,Dispatched,26/06/2026,Sharjah,,Melvin,2026-06-29 05:12:55
SP-26-14526,4526,Dispatched,26/06/2026,Sharjah,,Melvin,2026-06-29 05:12:55
SP-26-14528,4528,Dispatched,26/06/2026,Sharjah,,Melvin,2026-06-29 05:12:55
SP-26-14529,4529,Dispatched,26/06/2026,Sharjah,,Melvin,2026-06-29 05:12:55
SP-26-14530,4530,Dispatched,26/06/2026,Sharjah,,Melvin,2026-06-29 05:12:55
SP-26-14531,4531,Dispatched,26/06/2026,Sharjah,,Melvin,2026-06-29 05:12:55
SP-26-14532,4532,Return,26/06/2026,Sharjah,[Full] Full Return Entry,Melvin,2026-07-02 06:19:33
SP-26-14533,4533,Dispatched,26/06/2026,Sharjah,,Melvin,2026-06-29 05:12:55
SP-26-14534,4534,Dispatched,26/06/2026,Sharjah,,Melvin,2026-06-29 05:12:55
SP-26-14537,4537,Dispatched,26/06/2026,Sharjah,,Melvin,2026-06-29 05:12:55
SP-26-14538,4538,Dispatched,26/06/2026,Sharjah,,Melvin,2026-06-29 05:12:55
SP-26-14539,4539,Dispatched,26/06/2026,Sharjah,,Melvin,2026-06-29 05:12:55
SP-26-14540,4540,Dispatched,26/06/2026,Sharjah,,Melvin,2026-06-29 05:12:55
SP-26-14541,4541,Dispatched,26/06/2026,Sharjah,,Melvin,2026-06-29 05:12:55
SP-26-14550,4550,Dispatched,26/06/2026,Sharjah,,Melvin,2026-06-29 05:12:55
SP-26-14551,4551,Dispatched,26/06/2026,Sharjah,,Melvin,2026-06-29 05:12:55
SP-26-14555,4555,Dispatched,26/06/2026,Sharjah,,Melvin,2026-06-29 05:12:55
SP-26-14559,4559,Dispatched,26/06/2026,Sharjah,,Melvin,2026-06-29 05:12:55
SP-26-14560,4560,Dispatched,26/06/2026,Sharjah,,Melvin,2026-06-29 05:12:55
SP-26-14568,4568,Dispatched,26/06/2026,Sharjah,,kalpesh,2026-06-29 05:12:55
SP-26-14569,4569,Dispatched,26/06/2026,Sharjah,,Anand,2026-06-30 04:39:03
SP-26-14572,4572,Dispatched,26/06/2026,Sharjah,,kalpesh,2026-06-29 05:12:55
SP-26-14576,4576,Dispatched,26/06/2026,Sharjah,,kalpesh,2026-06-29 05:12:55
SP-26-14588,4588,Dispatched,26/06/2026,Sharjah,,kalpesh,2026-06-29 05:12:55
SP-26-14512,4512,Dispatched,26/06/2026,Al Quoz,,Melvin,2026-06-29 05:33:34
SP-26-14513,4513,Dispatched,26/06/2026,Al Quoz,,jay,2026-06-29 05:33:34
SP-26-14514,4514,Dispatched,26/06/2026,Al Quoz,,jay,2026-06-29 05:33:34
SP-26-14515,4515,Dispatched,26/06/2026,Al Quoz,,jay,2026-06-29 05:33:34
SP-26-14516,4516,Dispatched,26/06/2026,Al Quoz,,jay,2026-06-29 05:33:34
SP-26-14517,4517,Dispatched,26/06/2026,Al Quoz,,Rajendran,2026-06-29 05:33:34
SP-26-14518,4518,Dispatched,26/06/2026,Al Quoz,,jay,2026-06-29 05:33:34
SP-26-14521,4521,Dispatched,26/06/2026,Al Quoz,,jay,2026-06-29 05:33:34
SP-26-14527,4527,Dispatched,26/06/2026,Al Quoz,,jay,2026-06-29 05:33:34
SP-26-14535,4535,Dispatched,26/06/2026,Al Quoz,,jay,2026-06-29 05:33:34
SP-26-14536,4536,Dispatched,26/06/2026,Al Quoz,,jay,2026-06-29 05:33:34
SP-26-14542,4542,Dispatched,26/06/2026,Al Quoz,,jay,2026-06-29 05:33:34
SP-26-14543,4543,Dispatched,26/06/2026,Al Quoz,,jay,2026-06-29 05:33:34
SP-26-14544,4544,Dispatched,26/06/2026,Al Quoz,,jay,2026-06-29 05:33:34
SP-26-14546,4546,Dispatched,26/06/2026,Al Quoz,,jay,2026-06-29 05:33:34
SP-26-14549,4549,Dispatched,26/06/2026,Al Quoz,,jay,2026-06-29 05:33:34
SP-26-14552,4552,Dispatched,26/06/2026,Al Quoz,,jay,2026-06-29 05:33:34
SP-26-14556,4556,Pending,26/06/2026,Al Quoz,Waiting Sabin Sign to collect,jay,2026-06-30 08:08:05
SP-26-14558,4558,Dispatched,26/06/2026,Al Quoz,,jay,2026-06-29 05:33:34
SP-26-14564,4564,Dispatched,26/06/2026,Al Quoz,,jay,2026-06-29 05:33:34
SP-26-14571,4571,Return,26/06/2026,Al Quoz,[Full] Full Return Entry,Anand,2026-07-02 06:19:33
SP-26-14574,4574,Dispatched,26/06/2026,Al Quoz,,jay,2026-06-29 05:33:34
SP-26-14575,4575,Dispatched,26/06/2026,Al Quoz,,jay,2026-06-29 05:33:34
SP-26-14581,4581,Dispatched,26/06/2026,Al Quoz,,jay,2026-06-29 05:33:34
SP-26-14586,4586,Dispatched,26/06/2026,Al Quoz,,jay,2026-06-29 05:33:34
SP-26-14591,4591,Dispatched,26/06/2026,Al Quoz,,jay,2026-06-29 05:33:34
SP-26-14598,4598,Dispatched,27/06/2026,DIP,,Rajendran,2026-06-29 05:35:38
SP-26-14599,4599,Dispatched,27/06/2026,DIP,,Rajendran,2026-06-29 05:35:38
SP-26-14601,4601,Dispatched,27/06/2026,DIP,,Rajendran,2026-06-29 05:35:38
SP-26-14618,4618,Dispatched,27/06/2026,DIP,,Rajendran,2026-06-29 05:35:38
SP-26-14620,4620,Dispatched,27/06/2026,DIP,,Rajendran,2026-06-29 05:35:38
SP-26-14631,4631,Dispatched,27/06/2026,DIP,,Anand,2026-06-29 05:35:38
SP-26-14644,4644,Dispatched,27/06/2026,DIP,,Rajendran,2026-06-29 05:35:38
SP-26-14663,4663,Dispatched,27/06/2026,DIP,,Rajendran,2026-06-29 05:35:38
SP-26-14669,4669,Dispatched,27/06/2026,DIP,,Rajendran,2026-06-29 05:35:38
SP-26-14510,4510,Dispatched,26/06/2026,Abu Dhabi,,Anand,2026-06-29 05:36:42
SP-26-14511,4511,Dispatched,26/06/2026,Abu Dhabi,,Anand,2026-06-29 05:36:42
SP-26-14545,4545,Dispatched,26/06/2026,Abu Dhabi,,Anand,2026-06-29 05:36:42
SP-26-14547,4547,Dispatched,26/06/2026,Abu Dhabi,,Anand,2026-06-29 05:36:42
SP-26-14548,4548,Dispatched,26/06/2026,Abu Dhabi,,Anand,2026-06-29 05:36:42
SP-26-14553,4553,Dispatched,26/06/2026,Abu Dhabi,,Anand,2026-06-29 05:36:42
SP-26-14554,4554,Dispatched,26/06/2026,Abu Dhabi,,Anand,2026-06-29 05:36:42
SP-26-14557,4557,Return,26/06/2026,Sharjah,[Full] Full Return Entry,Melvin,2026-07-02 06:19:33
SP-26-14563,4563,Dispatched,26/06/2026,Abu Dhabi,,Anand,2026-06-29 05:36:42
SP-26-14565,4565,Dispatched,26/06/2026,Abu Dhabi,,Anand,2026-06-29 05:36:42
SP-26-14566,4566,Dispatched,26/06/2026,Abu Dhabi,,Anand,2026-06-29 05:36:42
SP-26-14567,4567,Dispatched,26/06/2026,Abu Dhabi,,Anand,2026-06-29 05:36:42
SP-26-14573,4573,Dispatched,26/06/2026,Abu Dhabi,,Anand,2026-06-29 05:36:42
SP-26-14582,4582,Dispatched,26/06/2026,Abu Dhabi,,Anand,2026-06-29 05:36:42
SP-26-14583,4583,Dispatched,26/06/2026,Abu Dhabi,,Anand,2026-06-29 05:36:42
SP-26-14585,4585,Dispatched,26/06/2026,Abu Dhabi,,Anand,2026-06-29 05:36:42
SP-26-14587,4587,Dispatched,26/06/2026,Abu Dhabi,,Anand,2026-06-29 05:36:42
SP-26-14415,4415,Dispatched,25/06/2026,Al Quoz,,jay,2026-06-29 05:45:28
SP-26-14417,4417,Dispatched,25/06/2026,Al Quoz,,jay,2026-06-29 05:45:28
SP-26-14419,4419,Dispatched,25/06/2026,Al Quoz,,jay,2026-06-29 05:45:28
SP-26-14420,4420,Dispatched,25/06/2026,Al Quoz,,jay,2026-06-29 05:45:28
SP-26-14421,4421,Dispatched,25/06/2026,Al Quoz,,jay,2026-06-29 05:45:28
SP-26-14424,4424,Dispatched,25/06/2026,Al Quoz,,Melvin,2026-06-29 05:45:28
SP-26-14426,4426,Dispatched,25/06/2026,Al Quoz,,Melvin,2026-06-29 05:45:28
SP-26-14432,4432,Dispatched,25/06/2026,Al Quoz,,jay,2026-06-29 05:45:28
SP-26-14433,4433,Dispatched,25/06/2026,Al Quoz,,jay,2026-06-29 05:45:28
SP-26-14434,4434,Dispatched,25/06/2026,Al Quoz,,jay,2026-06-29 05:45:28
SP-26-14436,4436,Dispatched,25/06/2026,Al Quoz,,jay,2026-06-29 05:45:28
SP-26-14439,4439,Dispatched,25/06/2026,Al Quoz,,jay,2026-06-29 05:45:28
SP-26-14440,4440,Dispatched,25/06/2026,Al Quoz,,jay,2026-06-29 05:45:28
SP-26-14448,4448,Dispatched,25/06/2026,Al Quoz,,jay,2026-06-29 05:45:28
SP-26-14452,4452,Dispatched,25/06/2026,Al Quoz,,jay,2026-06-29 05:45:28
SP-26-14454,4454,Dispatched,25/06/2026,Al Quoz,,jay,2026-06-29 05:45:28
SP-26-14458,4458,Dispatched,25/06/2026,Al Quoz,,Melvin,2026-06-29 08:17:52
SP-26-14462,4462,Dispatched,25/06/2026,Al Quoz,,jay,2026-06-29 05:45:28
SP-26-14463,4463,Dispatched,25/06/2026,Al Quoz,,jay,2026-06-29 05:45:28
SP-26-14474,4474,Dispatched,25/06/2026,Al Quoz,,jay,2026-06-29 05:45:28
SP-26-14475,4475,Dispatched,25/06/2026,Al Quoz,,jay,2026-06-29 05:45:28
SP-26-14477,4477,Dispatched,25/06/2026,Al Quoz,,Rajendran,2026-06-29 05:45:28
SP-26-14478,4478,Dispatched,25/06/2026,Al Quoz,,jay,2026-06-29 05:45:28
SP-26-14479,4479,Dispatched,25/06/2026,Al Quoz,,jay,2026-06-29 05:45:28
SP-26-14489,4489,Dispatched,25/06/2026,Al Quoz,,Melvin,2026-06-29 05:45:28
SP-26-14490,4490,Dispatched,25/06/2026,Al Quoz,,jay,2026-06-29 05:45:28
SP-26-14491,4491,Dispatched,25/06/2026,Al Quoz,,jay,2026-06-29 05:45:28
SP-26-14493,4493,Dispatched,25/06/2026,Al Quoz,,jay,2026-06-29 05:45:28
SP-26-14494,4494,Dispatched,25/06/2026,Al Quoz,,jay,2026-06-29 05:45:28
SP-26-14496,4496,Dispatched,25/06/2026,Al Quoz,,jay,2026-06-29 05:45:28
SP-26-14499,4499,Dispatched,25/06/2026,Al Quoz,,jay,2026-06-29 05:45:28
SP-26-14500,4500,Dispatched,25/06/2026,Al Quoz,,jay,2026-06-29 05:45:28
SP-26-14502,4502,Dispatched,25/06/2026,Al Quoz,,jay,2026-06-29 05:45:28
SP-26-14504,4504,Dispatched,25/06/2026,Al Quoz,,jay,2026-06-29 05:45:28
SP-26-14505,4505,Dispatched,25/06/2026,Al Quoz,,jay,2026-06-29 05:45:28
SP-26-14595,4595,Dispatched,27/06/2026,Sharjah,,kalpesh,2026-06-29 06:16:47
SP-26-14600,4600,Dispatched,27/06/2026,Sharjah,,Melvin,2026-06-29 06:16:47
SP-26-14604,4604,Dispatched,27/06/2026,Sharjah,,Melvin,2026-06-29 06:16:47
SP-26-14607,4607,Dispatched,27/06/2026,Sharjah,,Melvin,2026-06-29 06:16:47
SP-26-14608,4608,Dispatched,27/06/2026,Sharjah,,Melvin,2026-06-29 06:16:47
SP-26-14609,4609,Dispatched,27/06/2026,Sharjah,,Melvin,2026-06-29 06:16:47
SP-26-14610,4610,Dispatched,27/06/2026,Sharjah,,Melvin,2026-06-29 06:16:47
SP-26-14612,4612,Dispatched,27/06/2026,Sharjah,,Melvin,2026-06-29 11:03:47
SP-26-14615,4615,Dispatched,27/06/2026,Sharjah,,Melvin,2026-06-29 06:16:47
SP-26-14616,4616,Dispatched,27/06/2026,Sharjah,,Melvin,2026-06-29 06:16:47
SP-26-14619,4619,Dispatched,27/06/2026,Sharjah,,Melvin,2026-06-29 06:16:47
SP-26-14621,4621,Dispatched,27/06/2026,Sharjah,,Melvin,2026-06-29 06:16:47
SP-26-14626,4626,Dispatched,27/06/2026,Sharjah,,Melvin,2026-06-29 06:16:47
SP-26-14627,4627,Dispatched,27/06/2026,Sharjah,,kalpesh,2026-06-29 06:16:47
SP-26-14641,4641,Dispatched,27/06/2026,Sharjah,,Melvin,2026-06-29 06:16:47
SP-26-14642,4642,Dispatched,27/06/2026,Sharjah,,Melvin,2026-06-29 06:16:47
SP-26-14643,4643,Dispatched,27/06/2026,Sharjah,,Melvin,2026-06-29 06:16:47
SP-26-14645,4645,Return,27/06/2026,Sharjah,[Full] DLNS:SP-26-14675,Melvin,2026-06-29 06:44:30
SP-26-14647,4647,Dispatched,27/06/2026,Sharjah,,Melvin,2026-06-29 06:16:47
SP-26-14648,4648,Dispatched,27/06/2026,Sharjah,,Melvin,2026-06-29 06:16:47
SP-26-14649,4649,Dispatched,27/06/2026,Sharjah,,Melvin,2026-06-29 06:16:47
SP-26-14650,4650,Dispatched,27/06/2026,Sharjah,,Melvin,2026-06-29 06:16:47
SP-26-14659,4659,Dispatched,27/06/2026,Sharjah,,Melvin,2026-06-29 06:16:47
SP-26-14660,4660,Dispatched,27/06/2026,Sharjah,,Melvin,2026-06-29 06:16:47
SP-26-14661,4661,Dispatched,27/06/2026,Sharjah,,Melvin,2026-06-29 06:16:47
SP-26-14664,4664,Dispatched,27/06/2026,Sharjah,,Melvin,2026-06-29 06:16:47
SP-26-14666,4666,Dispatched,27/06/2026,Sharjah,,Melvin,2026-06-29 06:16:47
SP-26-14668,4668,Dispatched,27/06/2026,Sharjah,,Melvin,2026-06-29 06:16:47
SP-26-14671,4671,Dispatched,27/06/2026,Sharjah,,Melvin,2026-06-29 06:16:47
SP-26-14672,4672,Dispatched,27/06/2026,Sharjah,,Melvin,2026-06-29 06:16:47
SP-26-14675,4675,Return,27/06/2026,Sharjah,[Full] Customer name change,Melvin,2026-06-29 06:44:30
SP-26-14677,4677,Dispatched,27/06/2026,Sharjah,,Melvin,2026-06-29 06:16:47
SP-26-14680,4680,Dispatched,27/06/2026,Sharjah,,Melvin,2026-06-29 06:16:47
SP-26-14594,4594,Dispatched,27/06/2026,Al Quoz,,jay,2026-06-29 11:09:46
SP-26-14596,4596,Dispatched,27/06/2026,Al Quoz,,jay,2026-06-29 11:09:46
SP-26-14597,4597,Dispatched,27/06/2026,Al Quoz,,jay,2026-06-29 11:09:46
SP-26-14614,4614,Dispatched,27/06/2026,Al Quoz,,jay,2026-06-29 11:09:46
SP-26-14628,4628,Dispatched,27/06/2026,Al Quoz,,jay,2026-06-29 11:09:46
SP-26-14630,4630,Dispatched,27/06/2026,Al Quoz,,jay,2026-06-29 11:09:46
SP-26-14632,4632,Return,27/06/2026,Al Quoz,[Full] Full Return Entry,jay,2026-07-02 06:19:33
SP-26-14633,4633,Dispatched,27/06/2026,Al Quoz,,jay,2026-06-29 11:09:46
SP-26-14636,4636,Dispatched,27/06/2026,Al Quoz,,jay,2026-06-29 11:09:46
SP-26-14638,4638,Dispatched,27/06/2026,Al Quoz,,Rajendran,2026-06-29 11:09:46
SP-26-14651,4651,Dispatched,27/06/2026,Al Quoz,,jay,2026-06-29 11:09:46
SP-26-14653,4653,Dispatched,27/06/2026,Al Quoz,,jay,2026-06-29 11:09:46
SP-26-14658,4658,Dispatched,27/06/2026,Al Quoz,,jay,2026-06-29 11:09:46
SP-26-14662,4662,Dispatched,27/06/2026,Al Quoz,,jay,2026-06-29 11:09:46
SP-26-14665,4665,Dispatched,27/06/2026,Al Quoz,,jay,2026-06-29 11:09:46
SP-26-14667,4667,Dispatched,27/06/2026,Al Quoz,,jay,2026-06-29 11:09:46
SP-26-14673,4673,Dispatched,27/06/2026,Al Quoz,,jay,2026-06-29 11:09:46
SP-26-14679,4679,Dispatched,27/06/2026,Al Quoz,,jay,2026-06-29 11:09:46
SP-26-14602,4602,Dispatched,27/06/2026,Abu Dhabi,,Anand,2026-06-30 08:08:05
SP-26-14603,4603,Dispatched,27/06/2026,Abu Dhabi,,Anand,2026-06-30 08:08:05
SP-26-14605,4605,Dispatched,27/06/2026,Abu Dhabi,,Anand,2026-06-30 08:08:05
SP-26-14606,4606,Dispatched,27/06/2026,Abu Dhabi,,Anand,2026-06-30 08:08:05
SP-26-14617,4617,Dispatched,27/06/2026,Abu Dhabi,,Anand,2026-06-30 08:08:05
SP-26-14622,4622,Dispatched,27/06/2026,Abu Dhabi,,Anand,2026-06-30 08:08:05
SP-26-14634,4634,Dispatched,27/06/2026,Abu Dhabi,,Anand,2026-06-30 08:08:05
SP-26-14640,4640,Dispatched,27/06/2026,Abu Dhabi,,Anand,2026-06-30 08:08:05
SP-26-14646,4646,Dispatched,27/06/2026,Abu Dhabi,,Anand,2026-06-30 08:08:05
SP-26-14654,4654,Dispatched,27/06/2026,Abu Dhabi,,Anand,2026-06-30 08:08:05
SP-26-14655,4655,Dispatched,27/06/2026,Abu Dhabi,,Anand,2026-06-30 08:08:05
SP-26-14656,4656,Dispatched,27/06/2026,Abu Dhabi,,Anand,2026-06-30 08:08:05
SP-26-14657,4657,Dispatched,27/06/2026,Abu Dhabi,,Anand,2026-06-30 08:08:05
SP-26-14670,4670,Dispatched,27/06/2026,Abu Dhabi,,Anand,2026-06-30 08:08:05
SP-26-14674,4674,Dispatched,27/06/2026,Abu Dhabi,,Anand,2026-06-30 08:08:05
SP-26-14676,4676,Dispatched,27/06/2026,Abu Dhabi,,Anand,2026-06-30 08:08:05
SP-26-14681,4681,Pending,27/06/2026,Abu Dhabi,,Anand,2026-06-30 08:08:05
SP-26-14683,4683,Dispatched,29/06/2026,DIP,,Rajendran,2026-06-30 05:11:21
SP-26-14703,4703,Dispatched,29/06/2026,DIP,,Rajendran,2026-06-30 05:11:21
SP-26-14707,4707,Dispatched,29/06/2026,DIP,,Rajendran,2026-06-30 05:11:21
SP-26-14716,4716,Dispatched,29/06/2026,DIP,,Rajendran,2026-06-30 05:11:21
SP-26-14717,4717,Dispatched,29/06/2026,DIP,,Rajendran,2026-06-30 05:11:21
SP-26-14719,4719,Dispatched,29/06/2026,DIP,,Rajendran,2026-06-30 05:11:21
SP-26-14730,4730,Dispatched,29/06/2026,DIP,,Rajendran,2026-06-30 05:11:21
SP-26-14731,4731,Dispatched,29/06/2026,DIP,,Rajendran,2026-06-30 05:11:21
SP-26-14732,4732,Return,29/06/2026,DIP,[Full] OPAQUE WHITE ACRYLIC SHEET 10MM 4 X 8 HST 6pcs removed,Rajendran,2026-07-02 06:19:33
SP-26-14734,4734,Dispatched,29/06/2026,DIP,,Rajendran,2026-06-30 05:11:21
SP-26-14737,4737,Dispatched,29/06/2026,DIP,,Rajendran,2026-06-30 05:11:21
SP-26-14748,4748,Dispatched,29/06/2026,DIP,,Rajendran,2026-06-30 05:11:21
SP-26-14750,4750,Dispatched,29/06/2026,DIP,,Rajendran,2026-06-30 05:11:21
SP-26-14767,4767,Dispatched,29/06/2026,DIP,,Rajendran,2026-06-30 05:11:21
SP-26-14769,4769,Dispatched,29/06/2026,DIP,,Rajendran,2026-06-30 05:11:21
SP-26-14775,4775,Dispatched,29/06/2026,DIP,,Rajendran,2026-06-30 05:11:21
SP-26-14689,4689,Dispatched,29/06/2026,Sharjah,,Melvin,2026-06-30 07:33:18
SP-26-14690,4690,Dispatched,29/06/2026,Sharjah,,Melvin,2026-06-30 07:33:18
SP-26-14692,4692,Dispatched,29/06/2026,Sharjah,,Melvin,2026-06-30 08:08:05
SP-26-14698,4698,Dispatched,29/06/2026,Sharjah,,Melvin,2026-06-30 07:33:18
SP-26-14699,4699,Dispatched,29/06/2026,Sharjah,,Melvin,2026-06-30 07:33:18
SP-26-14700,4700,Dispatched,29/06/2026,Sharjah,,Melvin,2026-06-30 07:33:18
SP-26-14701,4701,Dispatched,29/06/2026,Sharjah,,Melvin,2026-06-30 07:33:18
SP-26-14702,4702,Dispatched,29/06/2026,Sharjah,,Melvin,2026-06-30 07:33:18
SP-26-14704,4704,Dispatched,29/06/2026,Sharjah,,Melvin,2026-06-30 07:33:18
SP-26-14705,4705,Return,29/06/2026,Sharjah,[Partial] Qty decreased to 1 from 2,Melvin,2026-07-02 06:19:33
SP-26-14706,4706,Dispatched,29/06/2026,Sharjah,,Melvin,2026-06-30 07:33:18
SP-26-14708,4708,Dispatched,29/06/2026,Sharjah,,jay,2026-06-30 07:33:18
SP-26-14710,4710,Return,29/06/2026,Sharjah,[Full] Full Return Entry,Melvin,2026-07-02 06:19:33
SP-26-14711,4711,Dispatched,29/06/2026,Sharjah,,Melvin,2026-06-30 07:33:18
SP-26-14713,4713,Dispatched,29/06/2026,Sharjah,,kalpesh,2026-06-30 07:33:18
SP-26-14714,4714,Dispatched,29/06/2026,Sharjah,,Melvin,2026-06-30 07:33:18
SP-26-14715,4715,Dispatched,29/06/2026,Sharjah,,Melvin,2026-06-30 07:33:18
SP-26-14720,4720,Dispatched,29/06/2026,Sharjah,,Melvin,2026-06-30 07:33:18
SP-26-14728,4728,Return,29/06/2026,Sharjah,[Full] Full Return Entry,Melvin,2026-07-02 06:19:33
SP-26-14729,4729,Dispatched,29/06/2026,Sharjah,,Melvin,2026-06-30 07:33:18
SP-26-14735,4735,Dispatched,29/06/2026,Sharjah,,Melvin,2026-06-30 07:33:18
SP-26-14736,4736,Dispatched,29/06/2026,Sharjah,,Melvin,2026-06-30 07:33:18
SP-26-14738,4738,Dispatched,29/06/2026,Sharjah,,Melvin,2026-06-30 07:33:18
SP-26-14743,4743,Dispatched,29/06/2026,Sharjah,,Melvin,2026-06-30 07:33:18
SP-26-14744,4744,Dispatched,29/06/2026,Sharjah,,Melvin,2026-06-30 07:33:18
SP-26-14745,4745,Dispatched,29/06/2026,Sharjah,,Melvin,2026-06-30 07:33:18
SP-26-14746,4746,Dispatched,29/06/2026,Sharjah,,Melvin,2026-06-30 08:08:05
SP-26-14747,4747,Dispatched,29/06/2026,Sharjah,,Melvin,2026-06-30 07:33:18
SP-26-14753,4753,Return,29/06/2026,Sharjah,[Partial] Qty decreased to 1 from 3,Melvin,2026-07-02 06:19:33
SP-26-14758,4758,Dispatched,29/06/2026,Sharjah,,Melvin,2026-06-30 07:33:18
SP-26-14762,4762,Dispatched,29/06/2026,Sharjah,,kalpesh,2026-06-30 07:33:18
SP-26-14770,4770,Dispatched,29/06/2026,Sharjah,,Melvin,2026-06-30 08:08:05
SP-26-14771,4771,Dispatched,29/06/2026,Sharjah,,Melvin,2026-06-30 07:33:18
SP-26-14773,4773,Dispatched,29/06/2026,Sharjah,,Melvin,2026-06-30 07:33:18
SP-26-14774,4774,Dispatched,29/06/2026,Sharjah,,Melvin,2026-06-30 07:33:18
SP-26-14688,4688,Dispatched,29/06/2026,Abu Dhabi,,Anand,2026-07-01 11:06:38
SP-26-14709,4709,Pending,29/06/2026,Abu Dhabi,,Anand,2026-07-01 11:06:38
SP-26-14721,4721,Pending,29/06/2026,Abu Dhabi,,Anand,2026-07-01 11:06:38
SP-26-14751,4751,Dispatched,29/06/2026,Abu Dhabi,,Anand,2026-07-01 11:06:38
SP-26-14755,4755,Dispatched,29/06/2026,Abu Dhabi,,Anand,2026-07-01 11:06:38
SP-26-14756,4756,Dispatched,29/06/2026,Abu Dhabi,,Anand,2026-07-01 11:06:38
SP-26-14766,4766,Dispatched,29/06/2026,Abu Dhabi,,Anand,2026-07-01 11:06:38
SP-26-14780,4780,Dispatched,30/06/2026,DIP,,Rajendran,2026-07-01 11:09:06
SP-26-14781,4781,Dispatched,30/06/2026,DIP,,Rajendran,2026-07-01 11:09:06
SP-26-14783,4783,Dispatched,30/06/2026,DIP,,Rajendran,2026-07-01 11:09:06
SP-26-14784,4784,Dispatched,30/06/2026,DIP,,Rajendran,2026-07-01 11:09:06
SP-26-14808,4808,Dispatched,30/06/2026,DIP,,Rajendran,2026-07-01 11:09:06
SP-26-14832,4832,Dispatched,30/06/2026,DIP,,Rajendran,2026-07-01 11:09:06
SP-26-14856,4856,Dispatched,30/06/2026,DIP,,Rajendran,2026-07-01 11:09:06
SP-26-14870,4870,Dispatched,30/06/2026,DIP,,Rajendran,2026-07-01 11:09:06
SP-26-14876,4876,Dispatched,30/06/2026,DIP,,Rajendran,2026-07-01 11:09:06
SP-26-14682,4682,Dispatched,29/06/2026,Al Quoz,,Melvin,2026-07-01 11:18:13
SP-26-14684,4684,Dispatched,29/06/2026,Al Quoz,,jay,2026-07-01 11:18:13
SP-26-14685,4685,Dispatched,29/06/2026,Al Quoz,,jay,2026-07-01 11:18:13
SP-26-14686,4686,Dispatched,29/06/2026,Al Quoz,,jay,2026-07-01 11:18:13
SP-26-14687,4687,Dispatched,29/06/2026,Al Quoz,,jay,2026-07-01 11:18:13
SP-26-14691,4691,Dispatched,29/06/2026,Al Quoz,,jay,2026-07-01 11:18:13
SP-26-14693,4693,Dispatched,29/06/2026,Al Quoz,,jay,2026-07-01 11:18:13
SP-26-14694,4694,Dispatched,29/06/2026,Al Quoz,,jay,2026-07-01 11:18:13
SP-26-14695,4695,Dispatched,29/06/2026,Al Quoz,,jay,2026-07-01 11:18:13
SP-26-14696,4696,Dispatched,29/06/2026,Al Quoz,,jay,2026-07-01 11:18:13
SP-26-14697,4697,Dispatched,29/06/2026,Al Quoz,,jay,2026-07-01 11:18:13
SP-26-14712,4712,Dispatched,29/06/2026,Al Quoz,,jay,2026-07-01 11:18:13
SP-26-14722,4722,Dispatched,29/06/2026,Al Quoz,,jay,2026-07-01 11:18:13
SP-26-14723,4723,Dispatched,29/06/2026,Al Quoz,,jay,2026-07-01 11:18:13
SP-26-14724,4724,Dispatched,29/06/2026,Al Quoz,,jay,2026-07-01 11:18:13
SP-26-14725,4725,Dispatched,29/06/2026,Al Quoz,,jay,2026-07-01 11:18:13
SP-26-14726,4726,Dispatched,29/06/2026,Al Quoz,,jay,2026-07-01 11:18:13
SP-26-14733,4733,Return,29/06/2026,Al Quoz,[Full] Full Return Entry,jay,2026-07-02 06:19:33
SP-26-14749,4749,Dispatched,29/06/2026,Al Quoz,,jay,2026-07-01 11:18:13
SP-26-14752,4752,Dispatched,29/06/2026,Al Quoz,,jay,2026-07-01 11:18:13
SP-26-14754,4754,Dispatched,29/06/2026,Al Quoz,,jay,2026-07-01 11:18:13
SP-26-14757,4757,Dispatched,29/06/2026,Al Quoz,,jay,2026-07-01 11:18:13
SP-26-14759,4759,Dispatched,29/06/2026,Al Quoz,,jay,2026-07-01 11:18:13
SP-26-14760,4760,Dispatched,29/06/2026,Al Quoz,,Rajendran,2026-07-01 11:18:13
SP-26-14761,4761,Dispatched,29/06/2026,Al Quoz,,Rajendran,2026-07-01 11:18:13
SP-26-14763,4763,Dispatched,29/06/2026,Al Quoz,,jay,2026-07-01 11:18:13
SP-26-14764,4764,Dispatched,29/06/2026,Al Quoz,,jay,2026-07-01 11:18:13
SP-26-14765,4765,Dispatched,29/06/2026,Al Quoz,,jay,2026-07-01 11:18:13
SP-26-14768,4768,Dispatched,29/06/2026,Al Quoz,,jay,2026-07-01 11:18:13
SP-26-14772,4772,Dispatched,29/06/2026,Al Quoz,,jay,2026-07-01 11:18:13
SP-26-14792,4792,Dispatched,30/06/2026,Abu Dhabi,,Anand,2026-07-01 11:30:44
SP-26-14793,4793,Dispatched,30/06/2026,Abu Dhabi,,Anand,2026-07-01 11:30:44
SP-26-14794,4794,Dispatched,30/06/2026,Abu Dhabi,,Anand,2026-07-01 11:30:44
SP-26-14795,4795,Dispatched,30/06/2026,Abu Dhabi,,Anand,2026-07-01 11:30:44
SP-26-14801,4801,Dispatched,30/06/2026,Abu Dhabi,,Anand,2026-07-01 11:30:44
SP-26-14814,4814,Dispatched,30/06/2026,Abu Dhabi,,Anand,2026-07-01 11:30:44
SP-26-14815,4815,Dispatched,30/06/2026,Abu Dhabi,,Anand,2026-07-01 11:30:44
SP-26-14816,4816,Dispatched,30/06/2026,Abu Dhabi,,Anand,2026-07-01 11:30:44
SP-26-14825,4825,Dispatched,30/06/2026,Abu Dhabi,,Anand,2026-07-01 11:30:44
SP-26-14851,4851,Dispatched,30/06/2026,Abu Dhabi,,Anand,2026-07-01 11:30:44
SP-26-14853,4853,Pending,30/06/2026,Abu Dhabi,,Anand,2026-07-01 11:30:44
SP-26-14860,4860,Dispatched,30/06/2026,Abu Dhabi,,Anand,2026-07-01 11:30:44
SP-26-14865,4865,Dispatched,30/06/2026,Abu Dhabi,,Anand,2026-07-01 11:30:44
SP-26-14873,4873,Dispatched,30/06/2026,Abu Dhabi,,Anand,2026-07-01 11:30:44
SP-26-14879,4879,Dispatched,30/06/2026,Abu Dhabi,,Anand,2026-07-01 11:30:44
SP-26-14785,4785,Dispatched,30/06/2026,Sharjah,,jay,2026-07-02 06:23:40
SP-26-14786,4786,Dispatched,30/06/2026,Sharjah,,Melvin,2026-07-02 06:23:40
SP-26-14787,4787,Dispatched,30/06/2026,Sharjah,,Melvin,2026-07-02 06:23:40
SP-26-14788,4788,Dispatched,30/06/2026,Sharjah,,Melvin,2026-07-02 06:23:40
SP-26-14789,4789,Return,30/06/2026,Sharjah,[Full] Awaiting Warehouse File Upload (Retro-Reconciled),Melvin,2026-07-02 06:23:40
SP-26-14790,4790,Dispatched,30/06/2026,Sharjah,,Melvin,2026-07-02 06:23:40
SP-26-14791,4791,Dispatched,30/06/2026,Sharjah,,Melvin,2026-07-02 06:23:40
SP-26-14800,4800,Dispatched,30/06/2026,Sharjah,,Melvin,2026-07-02 06:23:40
SP-26-14803,4803,Dispatched,30/06/2026,Sharjah,,Melvin,2026-07-02 06:23:40
SP-26-14804,4804,Dispatched,30/06/2026,Sharjah,,Melvin,2026-07-02 06:23:40
SP-26-14812,4812,Dispatched,30/06/2026,Sharjah,,Anand,2026-07-02 06:23:40
SP-26-14819,4819,Dispatched,30/06/2026,Sharjah,,Melvin,2026-07-02 06:23:40
SP-26-14821,4821,Dispatched,30/06/2026,Sharjah,,Melvin,2026-07-02 06:23:40
SP-26-14822,4822,Dispatched,30/06/2026,Sharjah,,Melvin,2026-07-02 06:23:40
SP-26-14824,4824,Dispatched,30/06/2026,Sharjah,,Melvin,2026-07-02 06:23:40
SP-26-14826,4826,Dispatched,30/06/2026,Sharjah,,Melvin,2026-07-02 06:23:40
SP-26-14827,4827,Dispatched,30/06/2026,Sharjah,,Melvin,2026-07-02 06:23:40
SP-26-14833,4833,Dispatched,30/06/2026,Sharjah,,Melvin,2026-07-02 06:23:40
SP-26-14835,4835,Dispatched,30/06/2026,Sharjah,,Melvin,2026-07-02 06:23:40
SP-26-14837,4837,Dispatched,30/06/2026,Sharjah,,Melvin,2026-07-02 06:23:40
SP-26-14840,4840,Dispatched,30/06/2026,Sharjah,,Melvin,2026-07-02 06:23:40
SP-26-14841,4841,Dispatched,30/06/2026,Sharjah,,Melvin,2026-07-02 06:23:40
SP-26-14845,4845,Dispatched,30/06/2026,Sharjah,,Melvin,2026-07-02 06:23:40
SP-26-14847,4847,Dispatched,30/06/2026,Sharjah,,Melvin,2026-07-02 06:23:40
SP-26-14852,4852,Dispatched,30/06/2026,Sharjah,,Melvin,2026-07-02 06:23:40
SP-26-14866,4866,Dispatched,30/06/2026,Sharjah,,Melvin,2026-07-02 06:23:40
SP-26-14869,4869,Dispatched,30/06/2026,Sharjah,,Melvin,2026-07-02 06:23:40
SP-26-14871,4871,Dispatched,30/06/2026,Sharjah,,Melvin,2026-07-02 06:23:40
SP-26-14872,4872,Pending,30/06/2026,Sharjah,,jay,2026-07-02 06:23:40
SP-26-14875,4875,Dispatched,30/06/2026,Sharjah,,Melvin,2026-07-02 06:23:40
SP-26-14877,4877,Dispatched,30/06/2026,Sharjah,,Melvin,2026-07-02 06:23:40
SP-26-14778,4778,Dispatched,30/06/2026,Al Quoz,,Rajendran,2026-07-02 06:24:45
SP-26-14779,4779,Dispatched,30/06/2026,Al Quoz,,Rajendran,2026-07-02 06:24:45
SP-26-14805,4805,Pending,30/06/2026,Al Quoz,,jay,2026-07-02 06:24:45
SP-26-14806,4806,Dispatched,30/06/2026,Al Quoz,,jay,2026-07-02 06:24:45
SP-26-14809,4809,Dispatched,30/06/2026,Al Quoz,,jay,2026-07-02 06:24:45
SP-26-14810,4810,Dispatched,30/06/2026,Al Quoz,,jay,2026-07-02 06:24:45
SP-26-14813,4813,Dispatched,30/06/2026,Al Quoz,,Anand,2026-07-02 06:24:45
SP-26-14818,4818,Dispatched,30/06/2026,Al Quoz,,jay,2026-07-02 06:24:45
SP-26-14820,4820,Pending,30/06/2026,Al Quoz,,jay,2026-07-02 06:24:45
SP-26-14823,4823,Dispatched,30/06/2026,Al Quoz,,jay,2026-07-02 06:24:45
SP-26-14828,4828,Dispatched,30/06/2026,Al Quoz,,jay,2026-07-02 06:24:45
SP-26-14829,4829,Dispatched,30/06/2026,Al Quoz,,Melvin,2026-07-02 06:24:45
SP-26-14830,4830,Dispatched,30/06/2026,Al Quoz,,jay,2026-07-02 06:24:45
SP-26-14831,4831,Dispatched,30/06/2026,Al Quoz,,jay,2026-07-02 06:24:45
SP-26-14834,4834,Dispatched,30/06/2026,Al Quoz,,jay,2026-07-02 06:24:45
SP-26-14836,4836,Dispatched,30/06/2026,Al Quoz,,jay,2026-07-02 06:24:45
SP-26-14838,4838,Dispatched,30/06/2026,Al Quoz,,jay,2026-07-02 06:24:45
SP-26-14839,4839,Dispatched,30/06/2026,Al Quoz,,jay,2026-07-02 06:24:45
SP-26-14842,4842,Dispatched,30/06/2026,Al Quoz,,jay,2026-07-02 06:24:45
SP-26-14843,4843,Dispatched,30/06/2026,Al Quoz,,jay,2026-07-02 06:24:45
SP-26-14846,4846,Dispatched,30/06/2026,Al Quoz,,jay,2026-07-02 06:24:45
SP-26-14848,4848,Dispatched,30/06/2026,Al Quoz,,jay,2026-07-02 06:24:45
SP-26-14849,4849,Dispatched,30/06/2026,Al Quoz,,jay,2026-07-02 06:24:45
SP-26-14850,4850,Dispatched,30/06/2026,Al Quoz,,jay,2026-07-02 06:24:45
SP-26-14854,4854,Dispatched,30/06/2026,Al Quoz,,jay,2026-07-02 06:24:45
SP-26-14855,4855,Dispatched,30/06/2026,Al Quoz,,jay,2026-07-02 06:24:45
SP-26-14859,4859,Dispatched,30/06/2026,Al Quoz,,Anand,2026-07-02 06:24:45
SP-26-14862,4862,Dispatched,30/06/2026,Al Quoz,,jay,2026-07-02 06:24:45
SP-26-14863,4863,Dispatched,30/06/2026,Al Quoz,,jay,2026-07-02 06:24:45
SP-26-14864,4864,Dispatched,30/06/2026,Al Quoz,,jay,2026-07-02 06:24:45
SP-26-14868,4868,Dispatched,30/06/2026,Al Quoz,,jay,2026-07-02 06:24:45
SP-26-14874,4874,Dispatched,30/06/2026,Al Quoz,,jay,2026-07-02 06:24:45
SP-26-14878,4878,Dispatched,30/06/2026,Al Quoz,,jay,2026-07-02 06:24:45
SP-26-14880,4880,Pending,30/06/2026,Al Quoz,,Melvin,2026-07-02 06:24:45
SP-26-14889,4889,Dispatched,01/07/2026,DIP,,Rajendran,2026-07-02 06:25:52
SP-26-14891,4891,Dispatched,01/07/2026,DIP,,Rajendran,2026-07-02 06:25:52
SP-26-14895,4895,Dispatched,01/07/2026,DIP,,Rajendran,2026-07-02 06:25:52
SP-26-14904,4904,Dispatched,01/07/2026,DIP,,Rajendran,2026-07-02 06:25:52
SP-26-14914,4914,Dispatched,01/07/2026,DIP,,Rajendran,2026-07-02 06:25:52
SP-26-14917,4917,Dispatched,01/07/2026,DIP,,Rajendran,2026-07-02 06:25:52
SP-26-14919,4919,Dispatched,01/07/2026,DIP,,Rajendran,2026-07-02 06:25:52
SP-26-14931,4931,Dispatched,01/07/2026,DIP,,Rajendran,2026-07-02 06:25:52
SP-26-14932,4932,Dispatched,01/07/2026,DIP,,Rajendran,2026-07-02 06:25:52
SP-26-14940,4940,Dispatched,01/07/2026,DIP,,Rajendran,2026-07-02 06:25:52
SP-26-14942,4942,Dispatched,01/07/2026,DIP,,Rajendran,2026-07-02 06:25:52
SP-26-14949,4949,Dispatched,01/07/2026,DIP,,Rajendran,2026-07-02 06:25:52
SP-26-14954,4954,Dispatched,01/07/2026,DIP,,Rajendran,2026-07-02 06:25:52
SP-26-14960,4960,Pending,01/07/2026,DIP,,Rajendran,2026-07-02 06:25:52
SP-26-14971,4971,Dispatched,01/07/2026,DIP,,Rajendran,2026-07-02 06:25:52
SP-26-14972,4972,Dispatched,01/07/2026,DIP,,Rajendran,2026-07-02 06:25:52
SP-26-14885,4885,Dispatched,01/07/2026,Sharjah,,Melvin,2026-07-02 07:58:17
SP-26-14886,4886,Return,01/07/2026,Sharjah,[Full] Full Return Entry,Melvin,2026-07-02 09:55:20
SP-26-14887,4887,Dispatched,01/07/2026,Sharjah,,Melvin,2026-07-02 07:58:17
SP-26-14899,4899,Dispatched,01/07/2026,Sharjah,,Melvin,2026-07-02 07:58:17
SP-26-14900,4900,Dispatched,01/07/2026,Sharjah,,Melvin,2026-07-02 07:58:17
SP-26-14901,4901,Dispatched,01/07/2026,Sharjah,,Melvin,2026-07-02 07:58:17
SP-26-14902,4902,Dispatched,01/07/2026,Sharjah,,Melvin,2026-07-02 07:58:17
SP-26-14903,4903,Dispatched,01/07/2026,Sharjah,,Melvin,2026-07-02 07:58:17
SP-26-14908,4908,Dispatched,01/07/2026,Sharjah,,Melvin,2026-07-02 07:58:17
SP-26-14909,4909,Dispatched,01/07/2026,Sharjah,,Melvin,2026-07-02 07:58:17
SP-26-14912,4912,Dispatched,01/07/2026,Sharjah,,Melvin,2026-07-02 07:58:17
SP-26-14913,4913,Dispatched,01/07/2026,Sharjah,,Melvin,2026-07-02 07:58:17
SP-26-14918,4918,Dispatched,01/07/2026,Sharjah,,Melvin,2026-07-02 07:58:17
SP-26-14921,4921,Dispatched,01/07/2026,Sharjah,,jay,2026-07-02 07:58:17
SP-26-14930,4930,Dispatched,01/07/2026,Sharjah,,Melvin,2026-07-02 07:58:17
SP-26-14935,4935,Dispatched,01/07/2026,Sharjah,,Melvin,2026-07-02 07:58:17
SP-26-14937,4937,Dispatched,01/07/2026,Sharjah,,Anand,2026-07-02 07:58:17
SP-26-14938,4938,Dispatched,01/07/2026,Sharjah,,Melvin,2026-07-02 07:58:17
SP-26-14939,4939,Dispatched,01/07/2026,Sharjah,,Melvin,2026-07-02 07:58:17
SP-26-14941,4941,Dispatched,01/07/2026,Sharjah,,kalpesh,2026-07-02 07:58:17
SP-26-14944,4944,Dispatched,01/07/2026,Sharjah,,Melvin,2026-07-02 07:58:17
SP-26-14945,4945,Dispatched,01/07/2026,Sharjah,,Melvin,2026-07-02 07:58:17
SP-26-14946,4946,Dispatched,01/07/2026,Sharjah,,Melvin,2026-07-02 07:58:17
SP-26-14961,4961,Dispatched,01/07/2026,Sharjah,,Melvin,2026-07-02 07:58:17
SP-26-14963,4963,Dispatched,01/07/2026,Sharjah,,Melvin,2026-07-02 07:58:17
SP-26-14964,4964,Dispatched,01/07/2026,Sharjah,,Melvin,2026-07-02 07:58:17
SP-26-14965,4965,Dispatched,01/07/2026,Sharjah,,Melvin,2026-07-02 07:58:17
SP-26-14968,4968,Dispatched,01/07/2026,Sharjah,,Melvin,2026-07-02 07:58:17
SP-26-14969,4969,Dispatched,01/07/2026,Sharjah,,Melvin,2026-07-02 07:58:17
SP-26-14978,4978,Dispatched,01/07/2026,Sharjah,,Melvin,2026-07-02 07:58:17
SP-26-14979,4979,Dispatched,01/07/2026,Sharjah,,Melvin,2026-07-02 07:58:17
SP-26-14983,4983,Dispatched,01/07/2026,Sharjah,,Melvin,2026-07-02 07:58:17
SP-26-14883,4883,Dispatched,01/07/2026,Abu Dhabi,,Anand,2026-07-02 08:07:57
SP-26-14888,4888,Dispatched,01/07/2026,Abu Dhabi,,Anand,2026-07-02 08:07:57
SP-26-14890,4890,Dispatched,01/07/2026,Abu Dhabi,,jay,2026-07-02 08:07:57
SP-26-14915,4915,Dispatched,01/07/2026,Abu Dhabi,,Anand,2026-07-02 08:07:57
SP-26-14929,4929,Dispatched,01/07/2026,Abu Dhabi,,Anand,2026-07-02 08:07:57
SP-26-14936,4936,Dispatched,01/07/2026,Abu Dhabi,,Anand,2026-07-02 08:07:57
SP-26-14948,4948,Dispatched,01/07/2026,Abu Dhabi,,Anand,2026-07-02 08:07:57
SP-26-14950,4950,Dispatched,01/07/2026,Abu Dhabi,,Anand,2026-07-02 08:07:57
SP-26-14952,4952,Dispatched,01/07/2026,Abu Dhabi,,Anand,2026-07-02 08:07:57
SP-26-14953,4953,Dispatched,01/07/2026,Abu Dhabi,,Anand,2026-07-02 08:07:57
SP-26-14956,4956,Dispatched,01/07/2026,Abu Dhabi,,Anand,2026-07-02 08:07:57
SP-26-14974,4974,Dispatched,01/07/2026,Abu Dhabi,,Anand,2026-07-02 08:07:57
SP-26-14884,4884,Dispatched,01/07/2026,Al Quoz,,jay,2026-07-02 12:54:12
SP-26-14892,4892,Dispatched,01/07/2026,Al Quoz,,jay,2026-07-02 12:54:12
SP-26-14893,4893,Dispatched,01/07/2026,Al Quoz,,jay,2026-07-02 12:54:12
SP-26-14894,4894,Dispatched,01/07/2026,Al Quoz,,jay,2026-07-02 12:54:12
SP-26-14896,4896,Dispatched,01/07/2026,Al Quoz,,jay,2026-07-02 12:54:12
SP-26-14897,4897,Dispatched,01/07/2026,Al Quoz,,jay,2026-07-02 12:54:12
SP-26-14898,4898,Dispatched,01/07/2026,Al Quoz,,jay,2026-07-02 12:54:12
SP-26-14905,4905,Dispatched,01/07/2026,Al Quoz,,jay,2026-07-02 12:54:12
SP-26-14906,4906,Dispatched,01/07/2026,Al Quoz,,jay,2026-07-02 12:54:12
SP-26-14907,4907,Dispatched,01/07/2026,Al Quoz,,jay,2026-07-02 12:54:12
SP-26-14910,4910,Dispatched,01/07/2026,Al Quoz,,jay,2026-07-02 12:54:12
SP-26-14911,4911,Dispatched,01/07/2026,Al Quoz,,jay,2026-07-02 12:54:12
SP-26-14916,4916,Pending,01/07/2026,Al Quoz,,jay,2026-07-02 12:54:12
SP-26-14920,4920,Pending,01/07/2026,Al Quoz,,jay,2026-07-02 12:54:12
SP-26-14922,4922,Dispatched,01/07/2026,Al Quoz,,jay,2026-07-02 12:54:12
SP-26-14925,4925,Dispatched,01/07/2026,Al Quoz,,jay,2026-07-02 12:54:12
SP-26-14926,4926,Dispatched,01/07/2026,Al Quoz,,jay,2026-07-02 12:54:12
SP-26-14928,4928,Dispatched,01/07/2026,Al Quoz,,jay,2026-07-02 12:54:12
SP-26-14934,4934,Dispatched,01/07/2026,Al Quoz,,jay,2026-07-02 12:54:12
SP-26-14943,4943,Dispatched,01/07/2026,Al Quoz,,jay,2026-07-02 12:54:12
SP-26-14947,4947,Dispatched,01/07/2026,Al Quoz,,jay,2026-07-02 12:54:12
SP-26-14955,4955,Dispatched,01/07/2026,Al Quoz,,jay,2026-07-02 12:54:12
SP-26-14957,4957,Return,01/07/2026,Al Quoz,[Full] Awaiting Warehouse File Upload (Retro-Reconciled),jay,2026-07-02 12:54:12
SP-26-14958,4958,Dispatched,01/07/2026,Al Quoz,,jay,2026-07-02 12:54:12
SP-26-14959,4959,Dispatched,01/07/2026,Al Quoz,,jay,2026-07-02 12:54:12
SP-26-14962,4962,Pending,01/07/2026,Al Quoz,,jay,2026-07-02 12:54:12
SP-26-14966,4966,Return,01/07/2026,Al Quoz,[Full] Awaiting Warehouse File Upload (Retro-Reconciled),jay,2026-07-02 12:54:12
SP-26-14967,4967,Dispatched,01/07/2026,Al Quoz,,jay,2026-07-02 12:54:12
SP-26-14970,4970,Dispatched,01/07/2026,Al Quoz,,Melvin,2026-07-02 12:54:12
SP-26-14973,4973,Dispatched,01/07/2026,Al Quoz,,jay,2026-07-02 12:54:12
SP-26-14975,4975,Dispatched,01/07/2026,Al Quoz,,jay,2026-07-02 12:54:12
SP-26-14976,4976,Dispatched,01/07/2026,Al Quoz,,jay,2026-07-02 12:54:12
SP-26-14977,4977,Pending,01/07/2026,Al Quoz,,Anand,2026-07-03 05:18:44
SP-26-14980,4980,Dispatched,01/07/2026,Al Quoz,,Anand,2026-07-02 12:54:12
SP-26-14981,4981,Dispatched,01/07/2026,Al Quoz,,jay,2026-07-02 12:54:12
SP-26-14982,4982,Dispatched,01/07/2026,Al Quoz,,Anand,2026-07-02 12:54:12
SP-26-14991,4991,Dispatched,02/07/2026,DIP,,Rajendran,2026-07-03 05:03:17
SP-26-15002,5002,Dispatched,02/07/2026,DIP,,Rajendran,2026-07-03 05:03:17
SP-26-15023,5023,Dispatched,02/07/2026,DIP,,Rajendran,2026-07-03 05:03:17
SP-26-15025,5025,Dispatched,02/07/2026,DIP,,Rajendran,2026-07-03 05:03:17
SP-26-15038,5038,Dispatched,02/07/2026,DIP,,Rajendran,2026-07-03 05:03:17
SP-26-15039,5039,Dispatched,02/07/2026,DIP,,Rajendran,2026-07-03 05:03:17
SP-26-15042,5042,Dispatched,02/07/2026,DIP,,Rajendran,2026-07-03 05:03:17
SP-26-15061,5061,Dispatched,02/07/2026,DIP,,Rajendran,2026-07-03 05:03:17
SP-26-15001,5001,Dispatched,02/07/2026,Abu Dhabi,,Anand,2026-07-03 05:53:47
SP-26-15003,5003,Dispatched,02/07/2026,Abu Dhabi,,Anand,2026-07-03 05:53:47
SP-26-15004,5004,Dispatched,02/07/2026,Abu Dhabi,,Anand,2026-07-03 05:53:47
SP-26-15009,5009,Dispatched,02/07/2026,Abu Dhabi,,Anand,2026-07-03 05:53:47
SP-26-15010,5010,Dispatched,02/07/2026,Abu Dhabi,,Anand,2026-07-03 05:53:47
SP-26-15020,5020,Dispatched,02/07/2026,Abu Dhabi,,Anand,2026-07-03 05:53:47
SP-26-15021,5021,Dispatched,02/07/2026,Abu Dhabi,,Anand,2026-07-03 05:53:47
SP-26-15035,5035,Dispatched,02/07/2026,Abu Dhabi,,Anand,2026-07-03 05:53:47
SP-26-15044,5044,Dispatched,02/07/2026,Abu Dhabi,,Anand,2026-07-03 05:53:47
SP-26-15045,5045,Dispatched,02/07/2026,Abu Dhabi,,Anand,2026-07-03 05:53:47
SP-26-15046,5046,Dispatched,02/07/2026,Abu Dhabi,,Anand,2026-07-03 05:53:47
SP-26-15069,5069,Dispatched,02/07/2026,Abu Dhabi,,Anand,2026-07-03 05:53:47
SP-26-14989,4989,Pending,02/07/2026,Al Quoz,,jay,2026-07-06 05:01:34
SP-26-14990,4990,Pending,02/07/2026,Al Quoz,,jay,2026-07-06 05:01:34
SP-26-14992,4992,Pending,02/07/2026,Al Quoz,,jay,2026-07-06 05:01:34
SP-26-14993,4993,Pending,02/07/2026,Al Quoz,,jay,2026-07-06 05:01:34
SP-26-14994,4994,Pending,02/07/2026,Al Quoz,,jay,2026-07-06 05:01:34
SP-26-14995,4995,Pending,02/07/2026,Al Quoz,,jay,2026-07-06 05:01:34
SP-26-15000,5000,Pending,02/07/2026,Al Quoz,,jay,2026-07-06 05:01:34
SP-26-15006,5006,Pending,02/07/2026,Al Quoz,,jay,2026-07-06 05:01:34
SP-26-15008,5008,Pending,02/07/2026,Al Quoz,,jay,2026-07-06 05:01:34
SP-26-15011,5011,Pending,02/07/2026,Al Quoz,,jay,2026-07-06 05:01:34
SP-26-15012,5012,Pending,02/07/2026,Al Quoz,,jay,2026-07-06 05:01:34
SP-26-15013,5013,Pending,02/07/2026,Al Quoz,,jay,2026-07-06 05:01:34
SP-26-15015,5015,Pending,02/07/2026,Al Quoz,,jay,2026-07-06 05:01:34
SP-26-15017,5017,Pending,02/07/2026,Al Quoz,,jay,2026-07-06 05:01:34
SP-26-15018,5018,Pending,02/07/2026,Al Quoz,,jay,2026-07-06 05:01:34
SP-26-15019,5019,Pending,02/07/2026,Al Quoz,,jay,2026-07-06 05:01:34
SP-26-15022,5022,Pending,02/07/2026,Al Quoz,,jay,2026-07-06 05:01:34
SP-26-15028,5028,Pending,02/07/2026,Al Quoz,,jay,2026-07-06 05:01:34
SP-26-15029,5029,Pending,02/07/2026,Al Quoz,,jay,2026-07-06 05:01:34
SP-26-15030,5030,Pending,02/07/2026,Al Quoz,,jay,2026-07-06 05:01:34
SP-26-15032,5032,Pending,02/07/2026,Al Quoz,,jay,2026-07-06 05:01:34
SP-26-15033,5033,Pending,02/07/2026,Al Quoz,,jay,2026-07-06 05:01:34
SP-26-15034,5034,Pending,02/07/2026,Al Quoz,,jay,2026-07-06 05:01:34
SP-26-15036,5036,Pending,02/07/2026,Al Quoz,,jay,2026-07-06 05:01:34
SP-26-15037,5037,Pending,02/07/2026,Al Quoz,,jay,2026-07-06 05:01:34
SP-26-15040,5040,Pending,02/07/2026,Al Quoz,,Rajendran,2026-07-06 05:01:34
SP-26-15041,5041,Pending,02/07/2026,Al Quoz,,Rajendran,2026-07-06 05:01:34
SP-26-15043,5043,Pending,02/07/2026,Al Quoz,,jay,2026-07-06 05:01:34
SP-26-15048,5048,Pending,02/07/2026,Al Quoz,,Melvin,2026-07-06 05:01:34
SP-26-15050,5050,Pending,02/07/2026,Al Quoz,,jay,2026-07-06 05:01:34
SP-26-15055,5055,Pending,02/07/2026,Al Quoz,,jay,2026-07-06 05:01:34
SP-26-15057,5057,Pending,02/07/2026,Al Quoz,,jay,2026-07-06 05:01:34
SP-26-15058,5058,Pending,02/07/2026,Al Quoz,,jay,2026-07-06 05:01:34
SP-26-15059,5059,Pending,02/07/2026,Al Quoz,,jay,2026-07-06 05:01:34
SP-26-15060,5060,Pending,02/07/2026,Al Quoz,,jay,2026-07-06 05:01:34
SP-26-15062,5062,Pending,02/07/2026,Al Quoz,,jay,2026-07-06 05:01:34
SP-26-15065,5065,Pending,02/07/2026,Al Quoz,,jay,2026-07-06 05:01:34
SP-26-15067,5067,Pending,02/07/2026,Al Quoz,,jay,2026-07-06 05:01:34
SP-26-15068,5068,Pending,02/07/2026,Al Quoz,,Rajendran,2026-07-06 05:01:34
SP-26-15070,5070,Pending,02/07/2026,Al Quoz,,jay,2026-07-06 05:01:34
SP-26-15073,5073,Pending,02/07/2026,Al Quoz,,jay,2026-07-06 05:01:34
SP-26-15087,5087,Dispatched,03/07/2026,DIP,,Rajendran,2026-07-06 05:05:59
SP-26-15094,5094,Dispatched,03/07/2026,DIP,,Rajendran,2026-07-06 05:05:59
SP-26-15096,5096,Dispatched,03/07/2026,DIP,,Rajendran,2026-07-06 05:05:59
SP-26-15112,5112,Dispatched,03/07/2026,DIP,,Rajendran,2026-07-06 05:05:59
SP-26-15113,5113,Dispatched,03/07/2026,DIP,,Rajendran,2026-07-06 05:05:59
SP-26-15133,5133,Dispatched,03/07/2026,DIP,,Rajendran,2026-07-06 05:05:59
SP-26-15138,5138,Dispatched,03/07/2026,DIP,,Rajendran,2026-07-06 05:05:59
SP-26-15140,5140,Dispatched,03/07/2026,DIP,,Rajendran,2026-07-06 05:05:59
SP-26-15150,5150,Dispatched,03/07/2026,DIP,,Rajendran,2026-07-06 05:05:59
SP-26-14987,4987,Dispatched,02/07/2026,Sharjah,,Melvin,2026-07-06 05:11:01
SP-26-14988,4988,Dispatched,02/07/2026,Sharjah,,Melvin,2026-07-06 05:11:01
SP-26-14996,4996,Dispatched,02/07/2026,Sharjah,,Melvin,2026-07-06 05:11:01
SP-26-14997,4997,Dispatched,02/07/2026,Sharjah,,Melvin,2026-07-06 05:11:01
SP-26-14998,4998,Dispatched,02/07/2026,Sharjah,,Melvin,2026-07-06 05:11:01
SP-26-14999,4999,Dispatched,02/07/2026,Sharjah,,Melvin,2026-07-06 05:11:01
SP-26-15005,5005,Dispatched,02/07/2026,Sharjah,,Melvin,2026-07-06 05:11:01
SP-26-15007,5007,Dispatched,02/07/2026,Sharjah,,Melvin,2026-07-06 05:11:01
SP-26-15014,5014,Dispatched,02/07/2026,Sharjah,,Melvin,2026-07-06 05:11:01
SP-26-15016,5016,Dispatched,02/07/2026,Sharjah,,Melvin,2026-07-06 05:11:01
SP-26-15024,5024,Dispatched,02/07/2026,Sharjah,,Melvin,2026-07-06 05:11:01
SP-26-15026,5026,Dispatched,02/07/2026,Sharjah,,Melvin,2026-07-06 05:11:01
SP-26-15027,5027,Dispatched,02/07/2026,Sharjah,,Melvin,2026-07-06 05:11:01
SP-26-15047,5047,Dispatched,02/07/2026,Sharjah,,Melvin,2026-07-06 05:11:01
SP-26-15049,5049,Pending,02/07/2026,Sharjah,,Melvin,2026-07-06 05:11:01
SP-26-15051,5051,Dispatched,02/07/2026,Sharjah,,Melvin,2026-07-06 05:11:01
SP-26-15052,5052,Dispatched,02/07/2026,Sharjah,,Melvin,2026-07-06 05:11:01
SP-26-15054,5054,Dispatched,02/07/2026,Sharjah,,Melvin,2026-07-06 05:11:01
SP-26-15063,5063,Dispatched,02/07/2026,Sharjah,,kalpesh,2026-07-06 05:11:01
SP-26-15064,5064,Dispatched,02/07/2026,Sharjah,,Melvin,2026-07-06 05:11:01
SP-26-15066,5066,Dispatched,02/07/2026,Sharjah,,Melvin,2026-07-06 05:11:01
SP-26-15071,5071,Dispatched,02/07/2026,Sharjah,,Melvin,2026-07-06 05:11:01
SP-26-15072,5072,Dispatched,02/07/2026,Sharjah,,Melvin,2026-07-06 05:11:01
SP-26-15080,5080,Dispatched,03/07/2026,Abu Dhabi,,Anand,2026-07-06 05:12:24
SP-26-15081,5081,Dispatched,03/07/2026,Abu Dhabi,,Anand,2026-07-06 05:12:24
SP-26-15083,5083,Dispatched,03/07/2026,Abu Dhabi,,Anand,2026-07-06 05:12:24
SP-26-15085,5085,Dispatched,03/07/2026,Abu Dhabi,,Anand,2026-07-06 05:12:24
SP-26-15100,5100,Dispatched,03/07/2026,Abu Dhabi,,Anand,2026-07-06 05:12:24
SP-26-15101,5101,Dispatched,03/07/2026,Abu Dhabi,,Anand,2026-07-06 05:12:24
SP-26-15110,5110,Dispatched,03/07/2026,Abu Dhabi,,Anand,2026-07-06 05:12:24
SP-26-15114,5114,Dispatched,03/07/2026,Abu Dhabi,,Anand,2026-07-06 05:12:24
SP-26-15121,5121,Dispatched,03/07/2026,Abu Dhabi,,Anand,2026-07-06 05:12:24
SP-26-15122,5122,Dispatched,03/07/2026,Abu Dhabi,,Anand,2026-07-06 05:12:24
SP-26-15126,5126,Dispatched,03/07/2026,Abu Dhabi,,Anand,2026-07-06 05:12:24
SP-26-15127,5127,Dispatched,03/07/2026,Abu Dhabi,,Anand,2026-07-06 05:12:24
SP-26-15130,5130,Dispatched,03/07/2026,Abu Dhabi,,Anand,2026-07-06 05:12:24
SP-26-15132,5132,Dispatched,03/07/2026,Abu Dhabi,,Anand,2026-07-06 05:12:24
SP-26-15136,5136,Dispatched,03/07/2026,Abu Dhabi,,Anand,2026-07-06 05:12:24
SP-26-15145,5145,Dispatched,03/07/2026,Abu Dhabi,,Anand,2026-07-06 05:12:24
SP-26-15088,5088,Dispatched,03/07/2026,Sharjah,,Melvin,2026-07-06 05:16:17
SP-26-15089,5089,Dispatched,03/07/2026,Sharjah,,Melvin,2026-07-06 05:16:17
SP-26-15091,5091,Dispatched,03/07/2026,Sharjah,,Melvin,2026-07-06 05:16:17
SP-26-15092,5092,Dispatched,03/07/2026,Sharjah,,Melvin,2026-07-06 05:16:17
SP-26-15099,5099,Dispatched,03/07/2026,Sharjah,,Melvin,2026-07-06 05:16:17
SP-26-15102,5102,Dispatched,03/07/2026,Sharjah,,Melvin,2026-07-06 05:16:17
SP-26-15103,5103,Dispatched,03/07/2026,Sharjah,,Melvin,2026-07-06 05:16:17
SP-26-15104,5104,Dispatched,03/07/2026,Sharjah,,Melvin,2026-07-06 05:16:17
SP-26-15108,5108,Dispatched,03/07/2026,Sharjah,,Melvin,2026-07-06 05:16:17
SP-26-15109,5109,Dispatched,03/07/2026,Sharjah,,Melvin,2026-07-06 05:16:17
SP-26-15111,5111,Dispatched,03/07/2026,Sharjah,,jay,2026-07-06 05:16:17
SP-26-15115,5115,Dispatched,03/07/2026,Sharjah,,Melvin,2026-07-06 05:16:17
SP-26-15116,5116,Dispatched,03/07/2026,Sharjah,,Melvin,2026-07-06 05:16:17
SP-26-15118,5118,Dispatched,03/07/2026,Sharjah,,Melvin,2026-07-06 05:16:17
SP-26-15119,5119,Dispatched,03/07/2026,Sharjah,,Melvin,2026-07-06 05:16:17
SP-26-15120,5120,Dispatched,03/07/2026,Sharjah,,Melvin,2026-07-06 05:16:17
SP-26-15123,5123,Dispatched,03/07/2026,Sharjah,,Melvin,2026-07-06 05:16:17
SP-26-15124,5124,Dispatched,03/07/2026,Sharjah,,Melvin,2026-07-06 05:16:17
SP-26-15134,5134,Dispatched,03/07/2026,Sharjah,,kalpesh,2026-07-06 05:16:17
SP-26-15084,5084,Pending,03/07/2026,Al Quoz,,jay,2026-07-06 05:18:34
SP-26-15086,5086,Pending,03/07/2026,Al Quoz,,jay,2026-07-06 05:18:34
SP-26-15090,5090,Pending,03/07/2026,Al Quoz,,jay,2026-07-06 05:18:34
SP-26-15093,5093,Pending,03/07/2026,Al Quoz,,jay,2026-07-06 05:18:34
SP-26-15095,5095,Pending,03/07/2026,Al Quoz,,jay,2026-07-06 05:18:34
SP-26-15097,5097,Pending,03/07/2026,Al Quoz,,jay,2026-07-06 05:18:34
SP-26-15098,5098,Pending,03/07/2026,Al Quoz,,jay,2026-07-06 05:18:34
SP-26-15107,5107,Pending,03/07/2026,Al Quoz,,jay,2026-07-06 05:18:34
SP-26-15117,5117,Pending,03/07/2026,Al Quoz,,jay,2026-07-06 05:18:34
SP-26-15128,5128,Pending,03/07/2026,Al Quoz,,jay,2026-07-06 05:18:34
SP-26-15129,5129,Pending,03/07/2026,Al Quoz,,jay,2026-07-06 05:18:34
SP-26-15131,5131,Pending,03/07/2026,Al Quoz,,jay,2026-07-06 05:18:34
SP-26-15135,5135,Pending,03/07/2026,Al Quoz,,jay,2026-07-06 05:18:34
SP-26-15137,5137,Pending,03/07/2026,Al Quoz,,jay,2026-07-06 05:18:34
SP-26-15139,5139,Pending,03/07/2026,Al Quoz,,jay,2026-07-06 05:18:34
SP-26-15141,5141,Pending,03/07/2026,Al Quoz,,jay,2026-07-06 05:18:34
SP-26-15143,5143,Pending,03/07/2026,Al Quoz,,jay,2026-07-06 05:18:34
SP-26-15144,5144,Pending,03/07/2026,Al Quoz,,jay,2026-07-06 05:18:34
SP-26-15146,5146,Pending,03/07/2026,Al Quoz,,jay,2026-07-06 05:18:34
SP-26-15147,5147,Pending,03/07/2026,Al Quoz,,jay,2026-07-06 05:18:34
SP-26-15148,5148,Pending,03/07/2026,Al Quoz,,jay,2026-07-06 05:18:34
SP-26-15149,5149,Pending,03/07/2026,Al Quoz,,jay,2026-07-06 05:18:34
SP-26-15151,5151,Pending,03/07/2026,Al Quoz,,jay,2026-07-06 05:18:34
SP-26-15163,5163,Dispatched,04/07/2026,DIP,,Rajendran,2026-07-06 05:18:52
SP-26-15164,5164,Dispatched,04/07/2026,DIP,,Rajendran,2026-07-06 05:18:52
SP-26-15207,5207,Dispatched,04/07/2026,DIP,,Rajendran,2026-07-06 05:18:52
SP-26-15208,5208,Dispatched,04/07/2026,DIP,,Rajendran,2026-07-06 05:18:52
SP-26-15211,5211,Dispatched,04/07/2026,DIP,,Rajendran,2026-07-06 05:18:52
SP-26-15220,5220,Dispatched,04/07/2026,DIP,,Rajendran,2026-07-06 05:18:52
SP-26-15223,5223,Dispatched,04/07/2026,DIP,,Rajendran,2026-07-06 05:18:52
SP-26-15224,5224,Dispatched,04/07/2026,DIP,,Rajendran,2026-07-06 05:18:52
SP-26-15241,5241,Dispatched,04/07/2026,DIP,,Rajendran,2026-07-06 05:18:52
SP-26-15245,5245,Dispatched,04/07/2026,DIP,,jay,2026-07-06 05:18:52
